,Ticker,Attribute,Value
0,AAPL,address1,One Apple Park Way
1,AAPL,city,Cupertino
2,AAPL,state,CA
3,AAPL,zip,95014
4,AAPL,country,United States
5,AAPL,phone,(408) 996-1010
6,AAPL,website,https://www.apple.com
7,AAPL,industry,Consumer Electronics
8,AAPL,industryKey,consumer-electronics
9,AAPL,industryDisp,Consumer Electronics
10,AAPL,sector,Technology
11,AAPL,sectorKey,technology
12,AAPL,sectorDisp,Technology
13,AAPL,longBusinessSummary,"Apple Inc. designs, manufactures, and markets smartphones, personal computers, tablets, wearables, and accessories worldwide. The company offers iPhone, a line of smartphones; Mac, a line of personal computers; iPad, a line of multi-purpose tablets; and wearables, home, and accessories comprising AirPods, Apple Vision Pro, Apple TV, Apple Watch, Beats products, and HomePod, as well as Apple branded and third-party accessories. It also provides AppleCare support and cloud services; and operates various platforms, including the App Store that allows customers to discover and download applications and digital content, such as books, music, video, games, and podcasts, as well as advertising services include third-party licensing arrangements and its own advertising platforms. In addition, the company offers various subscription-based services, such as Apple Arcade, a game subscription service; Apple Fitness+, a personalized fitness service; Apple Music, which offers users a curated listening experience with on-demand radio stations; Apple News+, a subscription news and magazine service; Apple TV, which offers original content and live sports; Apple Card, a co-branded credit card; and Apple Pay, a cashless payment service, as well as licenses its intellectual property. The company serves consumers, and small and mid-sized businesses; and the education, enterprise, and government markets. It distributes third-party applications for its products through the App Store. The company also sells its products through its retail and online stores, and direct sales force; and third-party cellular network carriers and resellers. The company was formerly known as Apple Computer, Inc. and changed its name to Apple Inc. in January 2007. Apple Inc. was founded in 1976 and is headquartered in Cupertino, California."
14,AAPL,fullTimeEmployees,150000
15,AAPL,companyOfficers,"[{'maxAge': 1, 'name': 'Mr. Timothy D. Cook', 'age': 64, 'title': 'CEO & Director', 'yearBorn': 1961, 'fiscalYear': 2025, 'totalPay': 16759518, 'exercisedValue': 0, 'unexercisedValue': 0}, {'maxAge': 1, 'name': 'Mr. Kevan  Parekh', 'age': 53, 'title': 'Senior VP & CFO', 'yearBorn': 1972, 'fiscalYear': 2025, 'totalPay': 4034174, 'exercisedValue': 0, 'unexercisedValue': 0}, {'maxAge': 1, 'name': 'Mr. Sabih  Khan', 'age': 58, 'title': 'Senior VP & Chief Operating Officer', 'yearBorn': 1967, 'fiscalYear': 2025, 'totalPay': 5021905, 'exercisedValue': 0, 'unexercisedValue': 0}, {'maxAge': 1, 'name': ""Ms. Deirdre  O'Brien"", 'age': 58, 'title': 'Senior Vice President of Retail & People', 'yearBorn': 1967, 'fiscalYear': 2025, 'totalPay': 5037867, 'exercisedValue': 0, 'unexercisedValue': 0}, {'maxAge': 1, 'name': 'Ms. Katherine L. Adams', 'age': 61, 'title': 'Senior VP of Government Affairs & Secretary', 'yearBorn': 1964, 'fiscalYear': 2025, 'totalPay': 5022482, 'exercisedValue': 0, 'unexercisedValue': 0}, {'maxAge': 1, 'name': 'Mr. Ben  Borders', 'age': 44, 'title': 'Principal Accounting Officer', 'yearBorn': 1981, 'fiscalYear': 2025, 'exercisedValue': 0, 'unexercisedValue': 0}, {'maxAge': 1, 'name': 'Suhasini  Chandramouli', 'title': 'Director of Investor Relations', 'fiscalYear': 2025, 'exercisedValue': 0, 'unexercisedValue': 0}, {'maxAge': 1, 'name': 'Ms. Jennifer G. Newstead J.D.', 'age': 55, 'title': 'Senior VP & General Counsel', 'yearBorn': 1970, 'fiscalYear': 2025, 'exercisedValue': 0, 'unexercisedValue': 0}, {'maxAge': 1, 'name': 'Ms. Kristin Huguet Quayle', 'title': 'Vice President of Worldwide Communications', 'fiscalYear': 2025, 'exercisedValue': 0, 'unexercisedValue': 0}, {'maxAge': 1, 'name': 'Mr. Greg  Joswiak', 'title': 'Senior Vice President of Worldwide Marketing', 'fiscalYear': 2025, 'exercisedValue': 0, 'unexercisedValue': 0}]"
16,AAPL,auditRisk,2
17,AAPL,boardRisk,1
18,AAPL,compensationRisk,7
19,AAPL,shareHolderRightsRisk,1
20,AAPL,overallRisk,1
21,AAPL,governanceEpochDate,1785542400
22,AAPL,compensationAsOfEpochDate,1767139200
23,AAPL,irWebsite,http://investor.apple.com/
24,AAPL,executiveTeam,[]
25,AAPL,maxAge,86400
26,AAPL,priceHint,2
27,AAPL,previousClose,333.43
28,AAPL,open,304.81
29,AAPL,dayLow,300.0
30,AAPL,dayHigh,310.69
31,AAPL,regularMarketPreviousClose,333.43
32,AAPL,regularMarketOpen,304.81
33,AAPL,regularMarketDayLow,300.0
34,AAPL,regularMarketDayHigh,310.69
35,AAPL,dividendRate,1.08
36,AAPL,dividendYield,0.35
37,AAPL,exDividendDate,1786320000
38,AAPL,payoutRatio,0.1204
39,AAPL,fiveYearAvgDividendYield,0.5
40,AAPL,beta,1.097
41,AAPL,trailingPE,35.46613
42,AAPL,forwardPE,32.4805
43,AAPL,volume,127398021
44,AAPL,regularMarketVolume,127398021
45,AAPL,averageVolume,56470782
46,AAPL,averageVolume10days,58654020
47,AAPL,averageDailyVolume10Day,58654020
48,AAPL,bid,306.17
49,AAPL,ask,310.96
50,AAPL,bidSize,5
51,AAPL,askSize,10
52,AAPL,marketCap,4537070911488
53,AAPL,nonDilutedMarketCap,4537071141960
54,AAPL,fiftyTwoWeekLow,201.68
55,AAPL,fiftyTwoWeekHigh,344.57
56,AAPL,allTimeHigh,344.57
57,AAPL,allTimeLow,0.049107
58,AAPL,priceToSalesTrailing12Months,9.719039
59,AAPL,fiftyDayAverage,309.4994
60,AAPL,twoHundredDayAverage,277.9605
61,AAPL,trailingAnnualDividendRate,1.05
62,AAPL,trailingAnnualDividendYield,0.0031490866
63,AAPL,currency,USD
64,AAPL,tradeable,False
65,AAPL,enterpriseValue,4534799695872
66,AAPL,profitMargins,0.27618998
67,AAPL,floatShares,14584127763
68,AAPL,sharesOutstanding,14687356000
69,AAPL,sharesShort,146547784
70,AAPL,sharesShortPriorMonth,144248476
71,AAPL,sharesShortPreviousMonthDate,1781481600
72,AAPL,dateShortInterest,1784073600
73,AAPL,sharesPercentSharesOut,0.01
74,AAPL,heldPercentInsiders,0.01637
75,AAPL,heldPercentInstitutions,0.65734
76,AAPL,shortRatio,2.28
77,AAPL,shortPercentOfFloat,0.01
78,AAPL,impliedSharesOutstanding,14687356000
79,AAPL,bookValue,7.26
80,AAPL,priceToBook,42.549587
81,AAPL,lastFiscalYearEnd,1758931200
82,AAPL,nextFiscalYearEnd,1790467200
83,AAPL,mostRecentQuarter,1782518400
84,AAPL,earningsQuarterlyGrowth,0.271
85,AAPL,netIncomeToCommon,128929996800
86,AAPL,trailingEps,8.71
87,AAPL,forwardEps,9.51063
88,AAPL,pegRatio,2.72
89,AAPL,lastSplitFactor,4:1
90,AAPL,lastSplitDate,1598832000
91,AAPL,enterpriseToRevenue,9.714
92,AAPL,enterpriseToEbitda,26.999
93,AAPL,52WeekChange,0.51910496
94,AAPL,SandP52WeekChange,0.18322134
95,AAPL,lastDividendValue,0.27
96,AAPL,lastDividendDate,1778457600
97,AAPL,quoteType,EQUITY
98,AAPL,currentPrice,308.91
99,AAPL,targetHighPrice,400.0
100,AAPL,targetLowPrice,215.0
101,AAPL,targetMeanPrice,321.6566
102,AAPL,targetMedianPrice,330.0
103,AAPL,recommendationMean,2.04348
104,AAPL,recommendationKey,buy
105,AAPL,numberOfAnalystOpinions,41
106,AAPL,totalCash,62399000576
107,AAPL,totalCashPerShare,4.271
108,AAPL,ebitda,167959003136
109,AAPL,totalDebt,84343996416
110,AAPL,quickRatio,0.812
111,AAPL,currentRatio,1.003
112,AAPL,totalRevenue,466822987776
113,AAPL,debtToEquity,78.445
114,AAPL,revenuePerShare,31.707
115,AAPL,returnOnAssets,0.27082002
116,AAPL,returnOnEquity,1.4875101
117,AAPL,grossProfits,227123003392
118,AAPL,freeCashflow,107721875456
119,AAPL,operatingCashflow,146723995648
120,AAPL,earningsGrowth,0.287
121,AAPL,revenueGrowth,0.164
122,AAPL,grossMargins,0.48653
123,AAPL,ebitdaMargins,0.35979
124,AAPL,operatingMargins,0.32623002
125,AAPL,financialCurrency,USD
126,AAPL,symbol,AAPL
127,AAPL,language,en-US
128,AAPL,region,US
129,AAPL,typeDisp,Equity
130,AAPL,quoteSourceName,Nasdaq Real Time Price
131,AAPL,triggerable,True
132,AAPL,customPriceAlertConfidence,HIGH
133,AAPL,exchange,NMS
134,AAPL,messageBoardId,finmb_24937
135,AAPL,exchangeTimezoneName,America/New_York
136,AAPL,exchangeTimezoneShortName,EDT
137,AAPL,gmtOffSetMilliseconds,-14400000
138,AAPL,market,us_market
139,AAPL,esgPopulated,False
140,AAPL,marketState,CLOSED
141,AAPL,postMarketTime,1785542399
142,AAPL,regularMarketTime,1785528001
143,AAPL,corporateActions,"[{'header': 'Dividend', 'message': 'AAPL announced a cash dividend of $0.27 with an ex-date of Aug. 10, 2026', 'meta': {'eventType': 'DIVIDEND', 'dateEpochMs': 1786334400000, 'amount': '0.27'}}]"
144,AAPL,longName,Apple Inc.
145,AAPL,hasPrePostMarketData,True
146,AAPL,firstTradeDateMilliseconds,345479400000
147,AAPL,postMarketChangePercent,-0.508241
148,AAPL,postMarketPrice,307.34
149,AAPL,postMarketChange,-1.5700073
150,AAPL,regularMarketChange,-24.52
151,AAPL,regularMarketDayRange,300.0 - 310.69
152,AAPL,fullExchangeName,NasdaqGS
153,AAPL,averageDailyVolume3Month,56470782
154,AAPL,fiftyTwoWeekLowChange,107.23001
155,AAPL,fiftyTwoWeekLowChangePercent,0.5316839
156,AAPL,fiftyTwoWeekRange,201.68 - 344.57
157,AAPL,fiftyTwoWeekHighChange,-35.660004
158,AAPL,fiftyTwoWeekHighChangePercent,-0.103491314
159,AAPL,fiftyTwoWeekChangePercent,51.910496
160,AAPL,dividendDate,1778716800
161,AAPL,earningsTimestamp,1785441600
162,AAPL,earningsTimestampStart,1793304000
163,AAPL,earningsTimestampEnd,1793304000
164,AAPL,earningsCallTimestampStart,1785441600
165,AAPL,earningsCallTimestampEnd,1785441600
166,AAPL,isEarningsDateEstimate,True
167,AAPL,epsTrailingTwelveMonths,8.71
168,AAPL,epsForward,9.51063
169,AAPL,epsCurrentYear,8.75648
170,AAPL,priceEpsCurrentYear,35.277874
171,AAPL,fiftyDayAverageChange,-0.589386
172,AAPL,fiftyDayAverageChangePercent,-0.0019043203
173,AAPL,twoHundredDayAverageChange,30.949493
174,AAPL,twoHundredDayAverageChangePercent,0.111344926
175,AAPL,sourceInterval,15
176,AAPL,exchangeDataDelayedBy,0
177,AAPL,averageAnalystRating,2.0 - Buy
178,AAPL,cryptoTradeable,False
179,AAPL,regularMarketChangePercent,-7.35386
180,AAPL,regularMarketPrice,308.91
181,AAPL,shortName,Apple Inc.
182,AAPL,displayName,Apple
183,AAPL,trailingPegRatio,2.4573
184,NVDA,address1,2788 San Tomas Expressway
185,NVDA,city,Santa Clara
186,NVDA,state,CA
187,NVDA,zip,95051
188,NVDA,country,United States
189,NVDA,phone,408 486 2000
190,NVDA,website,https://www.nvidia.com
191,NVDA,industry,Semiconductors
192,NVDA,industryKey,semiconductors
193,NVDA,industryDisp,Semiconductors
194,NVDA,sector,Technology
195,NVDA,sectorKey,technology
196,NVDA,sectorDisp,Technology
197,NVDA,longBusinessSummary,"NVIDIA Corporation operates as a data center scale AI infrastructure company in the United States, Taiwan, China, Hong Kong, Europe, and internationally. It operates through Compute & Networking, and Graphics segments. The Compute & Networking segment provides data center accelerated computing and networking platforms and artificial intelligence solutions and software, and automotive platforms and autonomous and electric vehicle solutions, including software. The Graphics segment offers GeForce GPUs for gaming and PCs; Quadro/NVIDIA RTX GPUs for enterprise workstation graphics. The company's products are used in gaming, professional visualization, data center, and automotive markets. It sells its products to original equipment manufacturers, original device manufacturers, system integrators and distributors, independent software vendors, cloud service providers, add-in board manufacturers, distributors, automotive manufacturers and tier-1 automotive suppliers, and other ecosystem participants. NVIDIA Corporation was incorporated in 1993 and is headquartered in Santa Clara, California."
198,NVDA,fullTimeEmployees,42000
199,NVDA,companyOfficers,"[{'maxAge': 1, 'name': 'Mr. Jen-Hsun  Huang', 'age': 62, 'title': 'Co-Founder, CEO & Director', 'yearBorn': 1963, 'fiscalYear': 2026, 'totalPay': 11543318, 'exercisedValue': 0, 'unexercisedValue': 0}, {'maxAge': 1, 'name': 'Ms. Colette M. Kress', 'age': 58, 'title': 'Executive VP & CFO', 'yearBorn': 1967, 'fiscalYear': 2026, 'totalPay': 1514979, 'exercisedValue': 0, 'unexercisedValue': 0}, {'maxAge': 1, 'name': 'Ms. Debora  Shoquist', 'age': 70, 'title': 'Executive Vice President of Operations', 'yearBorn': 1955, 'fiscalYear': 2026, 'totalPay': 1382223, 'exercisedValue': 0, 'unexercisedValue': 0}, {'maxAge': 1, 'name': 'Mr. Timothy S. Teter J.D.', 'age': 58, 'title': 'Executive VP, General Counsel & Secretary', 'yearBorn': 1967, 'fiscalYear': 2026, 'totalPay': 1363896, 'exercisedValue': 0, 'unexercisedValue': 0}, {'maxAge': 1, 'name': 'Mr. Ajay K. Puri', 'age': 70, 'title': 'Executive Vice President of Worldwide Field Operations', 'yearBorn': 1955, 'fiscalYear': 2026, 'totalPay': 2298337, 'exercisedValue': 0, 'unexercisedValue': 0}, {'maxAge': 1, 'name': 'Mr. Chris A. Malachowsky', 'title': 'Co-Founder', 'fiscalYear': 2026, 'totalPay': 320000, 'exercisedValue': 0, 'unexercisedValue': 0}, {'maxAge': 1, 'name': 'Mr. Scott C. Gawel', 'age': 54, 'title': 'Chief Accounting Officer', 'yearBorn': 1971, 'fiscalYear': 2026, 'exercisedValue': 0, 'unexercisedValue': 0}, {'maxAge': 1, 'name': 'Prof. William J. Dally Ph.D.', 'age': 64, 'title': 'Chief Scientist & Senior VP of Research', 'yearBorn': 1961, 'fiscalYear': 2026, 'exercisedValue': 0, 'unexercisedValue': 0}, {'maxAge': 1, 'name': 'Mr. Toshiya  Hari', 'title': 'Vice President of Investor Relations & Strategic Finance', 'fiscalYear': 2026, 'exercisedValue': 0, 'unexercisedValue': 0}, {'maxAge': 1, 'name': 'Ms. Mylene  Mangalindan', 'title': 'Vice President of Corporate Communications', 'fiscalYear': 2026, 'exercisedValue': 0, 'unexercisedValue': 0}]"
200,NVDA,auditRisk,5
201,NVDA,boardRisk,10
202,NVDA,compensationRisk,4
203,NVDA,shareHolderRightsRisk,6
204,NVDA,overallRisk,8
205,NVDA,governanceEpochDate,1785542400
206,NVDA,compensationAsOfEpochDate,1798675200
207,NVDA,irWebsite,http://phx.corporate-ir.net/phoenix.zhtml?c=116466&p=irol-IRHome
208,NVDA,executiveTeam,[]
209,NVDA,maxAge,86400
210,NVDA,priceHint,2
211,NVDA,previousClose,195.04
212,NVDA,open,198.4405
213,NVDA,dayLow,194.95
214,NVDA,dayHigh,201.97
215,NVDA,regularMarketPreviousClose,195.04
216,NVDA,regularMarketOpen,198.4405
217,NVDA,regularMarketDayLow,194.95
218,NVDA,regularMarketDayHigh,201.97
219,NVDA,dividendRate,1.0
220,NVDA,dividendYield,0.5
221,NVDA,exDividendDate,1780531200
222,NVDA,payoutRatio,0.0061000003
223,NVDA,fiveYearAvgDividendYield,0.05
224,NVDA,beta,2.211
225,NVDA,trailingPE,30.789877
226,NVDA,forwardPE,15.573568
227,NVDA,volume,139261166
228,NVDA,regularMarketVolume,139261166
229,NVDA,averageVolume,152786998
230,NVDA,averageVolume10days,126519070
231,NVDA,averageDailyVolume10Day,126519070
232,NVDA,bid,197.4
233,NVDA,ask,196.87
234,NVDA,bidSize,5
235,NVDA,askSize,2
236,NVDA,marketCap,4862365925376
237,NVDA,nonDilutedMarketCap,4862365750000
238,NVDA,fiftyTwoWeekLow,164.07
239,NVDA,fiftyTwoWeekHigh,236.54
240,NVDA,allTimeHigh,236.54
241,NVDA,allTimeLow,0.033333
242,NVDA,priceToSalesTrailing12Months,19.181612
243,NVDA,fiftyDayAverage,206.1744
244,NVDA,twoHundredDayAverage,193.1124
245,NVDA,trailingAnnualDividendRate,0.04
246,NVDA,trailingAnnualDividendYield,0.00020508614
247,NVDA,currency,USD
248,NVDA,tradeable,False
249,NVDA,enterpriseValue,4817792008192
250,NVDA,profitMargins,0.62966
251,NVDA,floatShares,23225466000
252,NVDA,sharesOutstanding,24221000000
253,NVDA,sharesShort,324052767
254,NVDA,sharesShortPriorMonth,299666309
255,NVDA,sharesShortPreviousMonthDate,1781481600
256,NVDA,dateShortInterest,1784073600
257,NVDA,sharesPercentSharesOut,0.0134000005
258,NVDA,heldPercentInsiders,0.03991
259,NVDA,heldPercentInstitutions,0.70735
260,NVDA,shortRatio,2.24
261,NVDA,shortPercentOfFloat,0.0139
262,NVDA,impliedSharesOutstanding,24221000000
263,NVDA,bookValue,8.07
264,NVDA,priceToBook,24.876085
265,NVDA,lastFiscalYearEnd,1769299200
266,NVDA,nextFiscalYearEnd,1800835200
267,NVDA,mostRecentQuarter,1777161600
268,NVDA,earningsQuarterlyGrowth,2.106
269,NVDA,netIncomeToCommon,159612993536
270,NVDA,trailingEps,6.52
271,NVDA,forwardEps,12.89043
272,NVDA,pegRatio,0.55
273,NVDA,lastSplitFactor,10:1
274,NVDA,lastSplitDate,1717977600
275,NVDA,enterpriseToRevenue,19.006
276,NVDA,enterpriseToEbitda,29.108
277,NVDA,52WeekChange,0.11527777
278,NVDA,SandP52WeekChange,0.18322134
279,NVDA,lastDividendValue,0.25
280,NVDA,lastDividendDate,1780531200
281,NVDA,quoteType,EQUITY
282,NVDA,currentPrice,200.75
283,NVDA,targetHighPrice,500.0
284,NVDA,targetLowPrice,180.0
285,NVDA,targetMeanPrice,302.82758
286,NVDA,targetMedianPrice,300.0
287,NVDA,recommendationMean,1.29508
288,NVDA,recommendationKey,strong_buy
289,NVDA,numberOfAnalystOpinions,58
290,NVDA,totalCash,53171998720
291,NVDA,totalCashPerShare,2.197
292,NVDA,ebitda,165514002432
293,NVDA,totalDebt,12814000128
294,NVDA,quickRatio,2.139
295,NVDA,currentRatio,3.441
296,NVDA,totalRevenue,253491003392
297,NVDA,debtToEquity,6.555
298,NVDA,revenuePerShare,10.423
299,NVDA,returnOnAssets,0.52727
300,NVDA,returnOnEquity,1.14288
301,NVDA,grossProfits,187952005120
302,NVDA,freeCashflow,46335873024
303,NVDA,operatingCashflow,125648003072
304,NVDA,earningsGrowth,2.145
305,NVDA,revenueGrowth,0.852
306,NVDA,grossMargins,0.74144995
307,NVDA,ebitdaMargins,0.65294
308,NVDA,operatingMargins,0.65596
309,NVDA,financialCurrency,USD
310,NVDA,symbol,NVDA
311,NVDA,language,en-US
312,NVDA,region,US
313,NVDA,typeDisp,Equity
314,NVDA,quoteSourceName,Nasdaq Real Time Price
315,NVDA,triggerable,True
316,NVDA,customPriceAlertConfidence,HIGH
317,NVDA,exchange,NMS
318,NVDA,messageBoardId,finmb_32307
319,NVDA,exchangeTimezoneName,America/New_York
320,NVDA,exchangeTimezoneShortName,EDT
321,NVDA,gmtOffSetMilliseconds,-14400000
322,NVDA,market,us_market
323,NVDA,esgPopulated,False
324,NVDA,regularMarketChangePercent,2.92761
325,NVDA,corporateActions,[]
326,NVDA,postMarketTime,1785542399
327,NVDA,regularMarketTime,1785528001
328,NVDA,marketState,CLOSED
329,NVDA,regularMarketPrice,200.75
330,NVDA,cryptoTradeable,False
331,NVDA,hasPrePostMarketData,True
332,NVDA,firstTradeDateMilliseconds,917015400000
333,NVDA,postMarketChangePercent,-0.89689
334,NVDA,postMarketPrice,198.9495
335,NVDA,postMarketChange,-1.8005066
336,NVDA,regularMarketChange,5.71001
337,NVDA,regularMarketDayRange,194.95 - 201.97
338,NVDA,fullExchangeName,NasdaqGS
339,NVDA,averageDailyVolume3Month,152786998
340,NVDA,shortName,NVIDIA Corporation
341,NVDA,longName,NVIDIA Corporation
342,NVDA,fiftyTwoWeekLowChange,36.679993
343,NVDA,fiftyTwoWeekLowChangePercent,0.22356306
344,NVDA,fiftyTwoWeekRange,164.07 - 236.54
345,NVDA,fiftyTwoWeekHighChange,-35.789993
346,NVDA,fiftyTwoWeekHighChangePercent,-0.15130632
347,NVDA,fiftyTwoWeekChangePercent,11.527777
348,NVDA,dividendDate,1782432000
349,NVDA,earningsTimestamp,1787774400
350,NVDA,earningsTimestampStart,1787774400
351,NVDA,earningsTimestampEnd,1787774400
352,NVDA,earningsCallTimestampStart,1787774400
353,NVDA,earningsCallTimestampEnd,1787774400
354,NVDA,isEarningsDateEstimate,False
355,NVDA,epsTrailingTwelveMonths,6.52
356,NVDA,epsForward,12.89043
357,NVDA,epsCurrentYear,8.99574
358,NVDA,priceEpsCurrentYear,22.316118
359,NVDA,fiftyDayAverageChange,-5.4243927
360,NVDA,fiftyDayAverageChangePercent,-0.02630973
361,NVDA,twoHundredDayAverageChange,7.6376038
362,NVDA,twoHundredDayAverageChangePercent,0.039550044
363,NVDA,sourceInterval,15
364,NVDA,exchangeDataDelayedBy,0
365,NVDA,prevName,Usual Stablecoin
366,NVDA,nameChangeDate,2026-08-01
367,NVDA,averageAnalystRating,1.3 - Strong Buy
368,NVDA,displayName,NVIDIA
369,NVDA,trailingPegRatio,0.5529
370,AMZN,address1,410 Terry Avenue North
371,AMZN,city,Seattle
372,AMZN,state,WA
373,AMZN,zip,98109-5210
374,AMZN,country,United States
375,AMZN,phone,206 266 1000
376,AMZN,website,https://www.amazon.com
377,AMZN,industry,Internet Retail
378,AMZN,industryKey,internet-retail
379,AMZN,industryDisp,Internet Retail
380,AMZN,sector,Consumer Cyclical
381,AMZN,sectorKey,consumer-cyclical
382,AMZN,sectorDisp,Consumer Cyclical
383,AMZN,longBusinessSummary,"Amazon.com, Inc. engages in the retail sale of consumer products, advertising, and subscriptions service through online and physical stores in North America and internationally. The company operates through three segments: North America, International, and Amazon Web Services (AWS). It also manufactures and sells electronic devices, including Kindle, fire tablets, fire TVs, echo, ring, blink, and eero; and develops and produces media content. In addition, the company offers programs that enable sellers to sell their products in its stores; and programs that allow authors, independent publishers, musicians, filmmakers, Twitch streamers, skill and app developers, and others to publish and sell content. Further, it provides compute, storage, Artificial intelligence, database, analytics, machine learning, and other services, as well as advertising services through programs, such as sponsored ads, display, and video advertising. Additionally, the company offers Amazon Prime, a membership program. The company's products offered through its stores include merchandise and content purchased for resale and products offered by third-party sellers. It serves consumers, sellers, developers, enterprises, content creators, advertisers, and employees. The company was incorporated in 1994 and is headquartered in Seattle, Washington."
384,AMZN,fullTimeEmployees,1595000
385,AMZN,companyOfficers,"[{'maxAge': 1, 'name': 'Mr. Jeffrey P. Bezos', 'age': 61, 'title': 'Founder & Executive Chairman', 'yearBorn': 1964, 'fiscalYear': 2025, 'totalPay': 1681840, 'exercisedValue': 0, 'unexercisedValue': 0}, {'maxAge': 1, 'name': 'Mr. Andrew R. Jassy', 'age': 57, 'title': 'President, CEO & Director', 'yearBorn': 1968, 'fiscalYear': 2025, 'totalPay': 2069861, 'exercisedValue': 0, 'unexercisedValue': 0}, {'maxAge': 1, 'name': 'Mr. Brian T. Olsavsky', 'age': 61, 'title': 'Senior VP & CFO', 'yearBorn': 1964, 'fiscalYear': 2025, 'totalPay': 372000, 'exercisedValue': 0, 'unexercisedValue': 0}, {'maxAge': 1, 'name': 'Mr. David A. Zapolsky J.D.', 'age': 61, 'title': 'Senior VP and Chief Global Affairs & Legal Officer', 'yearBorn': 1964, 'fiscalYear': 2025, 'totalPay': 372000, 'exercisedValue': 0, 'unexercisedValue': 0}, {'maxAge': 1, 'name': 'Mr. Douglas J. Herrington', 'age': 58, 'title': 'Chief Executive Officer of Worldwide Amazon Stores', 'yearBorn': 1967, 'fiscalYear': 2025, 'totalPay': 425365, 'exercisedValue': 0, 'unexercisedValue': 0}, {'maxAge': 1, 'name': 'Mr. Matthew S. Garman', 'age': 48, 'title': 'Chief Executive Officer of Amazon Web Series', 'yearBorn': 1977, 'fiscalYear': 2025, 'totalPay': 617281, 'exercisedValue': 0, 'unexercisedValue': 0}, {'maxAge': 1, 'name': 'Ms. Shelley L. Reynolds', 'age': 60, 'title': 'VP, Worldwide Controller & Principal Accounting Officer', 'yearBorn': 1965, 'fiscalYear': 2025, 'totalPay': 163200, 'exercisedValue': 0, 'unexercisedValue': 0}, {'maxAge': 1, 'name': 'Dr. Werner  Vogels', 'title': 'Chief Technology Officer', 'fiscalYear': 2025, 'exercisedValue': 0, 'unexercisedValue': 0}, {'maxAge': 1, 'name': 'Mr. Dave  Fildes', 'title': 'Vice President of Investor Relations', 'fiscalYear': 2025, 'exercisedValue': 0, 'unexercisedValue': 0}, {'maxAge': 1, 'name': 'Drew  Herdener', 'title': 'Senior Vice President of Communications & Corporate Responsibility', 'fiscalYear': 2025, 'exercisedValue': 0, 'unexercisedValue': 0}]"
386,AMZN,auditRisk,2
387,AMZN,boardRisk,8
388,AMZN,compensationRisk,10
389,AMZN,shareHolderRightsRisk,3
390,AMZN,overallRisk,9
391,AMZN,governanceEpochDate,1785542400
392,AMZN,compensationAsOfEpochDate,1767139200
393,AMZN,irWebsite,http://phx.corporate-ir.net/phoenix.zhtml?c=97664&p=irol-irhome
394,AMZN,executiveTeam,[]
395,AMZN,maxAge,86400
396,AMZN,priceHint,2
397,AMZN,previousClose,235.5
398,AMZN,open,264.985
399,AMZN,dayLow,262.055
400,AMZN,dayHigh,273.23
401,AMZN,regularMarketPreviousClose,235.5
402,AMZN,regularMarketOpen,264.985
403,AMZN,regularMarketDayLow,262.055
404,AMZN,regularMarketDayHigh,273.23
405,AMZN,payoutRatio,0.0
406,AMZN,beta,1.461
407,AMZN,trailingPE,21.83119
408,AMZN,forwardPE,26.441229
409,AMZN,volume,125921078
410,AMZN,regularMarketVolume,125921078
411,AMZN,averageVolume,49455214
412,AMZN,averageVolume10days,53193370
413,AMZN,averageDailyVolume10Day,53193370
414,AMZN,bid,257.09
415,AMZN,ask,273.84
416,AMZN,bidSize,1
417,AMZN,askSize,1
418,AMZN,marketCap,2921415835648
419,AMZN,nonDilutedMarketCap,2921415780628
420,AMZN,fiftyTwoWeekLow,196.0
421,AMZN,fiftyTwoWeekHigh,278.56
422,AMZN,allTimeHigh,278.56
423,AMZN,allTimeLow,0.065625
424,AMZN,priceToSalesTrailing12Months,3.766264
425,AMZN,fiftyDayAverage,246.629
426,AMZN,twoHundredDayAverage,235.0122
427,AMZN,trailingAnnualDividendRate,0.0
428,AMZN,trailingAnnualDividendYield,0.0
429,AMZN,currency,USD
430,AMZN,tradeable,False
431,AMZN,enterpriseValue,3028691189760
432,AMZN,profitMargins,0.1744
433,AMZN,floatShares,9803256620
434,AMZN,sharesOutstanding,10757109436
435,AMZN,sharesShort,106566350
436,AMZN,sharesShortPriorMonth,98953140
437,AMZN,sharesShortPreviousMonthDate,1781481600
438,AMZN,dateShortInterest,1784073600
439,AMZN,sharesPercentSharesOut,0.0099
440,AMZN,heldPercentInsiders,0.08883
441,AMZN,heldPercentInstitutions,0.67814004
442,AMZN,shortRatio,1.78
443,AMZN,shortPercentOfFloat,0.0109
444,AMZN,impliedSharesOutstanding,10757109436
445,AMZN,bookValue,41.093
446,AMZN,priceToBook,6.6089115
447,AMZN,lastFiscalYearEnd,1767139200
448,AMZN,nextFiscalYearEnd,1798675200
449,AMZN,mostRecentQuarter,1782777600
450,AMZN,earningsQuarterlyGrowth,2.449
451,AMZN,netIncomeToCommon,135281000448
452,AMZN,trailingEps,12.44
453,AMZN,forwardEps,10.27108
454,AMZN,pegRatio,1.24
455,AMZN,lastSplitFactor,20:1
456,AMZN,lastSplitDate,1654473600
457,AMZN,enterpriseToRevenue,3.905
458,AMZN,enterpriseToEbitda,17.931
459,AMZN,52WeekChange,0.28315616
460,AMZN,SandP52WeekChange,0.18322134
461,AMZN,quoteType,EQUITY
462,AMZN,currentPrice,271.58
463,AMZN,targetHighPrice,370.0
464,AMZN,targetLowPrice,207.0
465,AMZN,targetMeanPrice,313.0687
466,AMZN,targetMedianPrice,315.0
467,AMZN,recommendationMean,1.33846
468,AMZN,recommendationKey,strong_buy
469,AMZN,numberOfAnalystOpinions,61
470,AMZN,totalCash,122988003328
471,AMZN,totalCashPerShare,11.406
472,AMZN,ebitda,168911994880
473,AMZN,totalDebt,223232000000
474,AMZN,quickRatio,0.875
475,AMZN,currentRatio,1.033
476,AMZN,totalRevenue,775680032768
477,AMZN,debtToEquity,40.468
478,AMZN,revenuePerShare,72.331
479,AMZN,returnOnAssets,0.06589
480,AMZN,returnOnEquity,0.30558002
481,AMZN,grossProfits,393809985536
482,AMZN,freeCashflow,22722125824
483,AMZN,operatingCashflow,161402994688
484,AMZN,earningsGrowth,2.423
485,AMZN,revenueGrowth,0.196
486,AMZN,grossMargins,0.5077
487,AMZN,ebitdaMargins,0.21776
488,AMZN,operatingMargins,0.13689
489,AMZN,financialCurrency,USD
490,AMZN,symbol,AMZN
491,AMZN,language,en-US
492,AMZN,region,US
493,AMZN,typeDisp,Equity
494,AMZN,quoteSourceName,Nasdaq Real Time Price
495,AMZN,triggerable,True
496,AMZN,customPriceAlertConfidence,HIGH
497,AMZN,fiftyDayAverageChangePercent,0.1011681
498,AMZN,twoHundredDayAverageChange,36.56778
499,AMZN,twoHundredDayAverageChangePercent,0.15559949
500,AMZN,sourceInterval,15
501,AMZN,exchangeDataDelayedBy,0
502,AMZN,averageAnalystRating,1.3 - Strong Buy
503,AMZN,cryptoTradeable,False
504,AMZN,corporateActions,[]
505,AMZN,postMarketTime,1785542399
506,AMZN,regularMarketTime,1785528001
507,AMZN,exchange,NMS
508,AMZN,messageBoardId,finmb_18749
509,AMZN,exchangeTimezoneName,America/New_York
510,AMZN,exchangeTimezoneShortName,EDT
511,AMZN,gmtOffSetMilliseconds,-14400000
512,AMZN,market,us_market
513,AMZN,esgPopulated,False
514,AMZN,marketState,CLOSED
515,AMZN,shortName,"Amazon.com, Inc."
516,AMZN,longName,"Amazon.com, Inc."
517,AMZN,regularMarketChangePercent,15.3206
518,AMZN,regularMarketPrice,271.58
519,AMZN,hasPrePostMarketData,True
520,AMZN,firstTradeDateMilliseconds,863703000000
521,AMZN,postMarketChangePercent,-0.3981062
522,AMZN,postMarketPrice,270.4988
523,AMZN,postMarketChange,-1.0811768
524,AMZN,regularMarketChange,36.08
525,AMZN,regularMarketDayRange,262.055 - 273.23
526,AMZN,fullExchangeName,NasdaqGS
527,AMZN,averageDailyVolume3Month,49455214
528,AMZN,fiftyTwoWeekLowChange,75.57999
529,AMZN,fiftyTwoWeekLowChangePercent,0.3856122
530,AMZN,fiftyTwoWeekRange,196.0 - 278.56
531,AMZN,fiftyTwoWeekHighChange,-6.980011
532,AMZN,fiftyTwoWeekHighChangePercent,-0.025057478
533,AMZN,fiftyTwoWeekChangePercent,28.315617
534,AMZN,earningsTimestamp,1785441600
535,AMZN,earningsTimestampStart,1793304000
536,AMZN,earningsTimestampEnd,1793304000
537,AMZN,earningsCallTimestampStart,1785445200
538,AMZN,earningsCallTimestampEnd,1785445200
539,AMZN,isEarningsDateEstimate,True
540,AMZN,epsTrailingTwelveMonths,12.44
541,AMZN,epsForward,10.27108
542,AMZN,epsCurrentYear,8.72548
543,AMZN,priceEpsCurrentYear,31.124933
544,AMZN,fiftyDayAverageChange,24.950989
545,AMZN,displayName,Amazon.com
546,AMZN,trailingPegRatio,1.4574
547,AXP,address1,200 Vesey Street
548,AXP,city,New York
549,AXP,state,NY
550,AXP,zip,10285
551,AXP,country,United States
552,AXP,phone,(212) 640-2000
553,AXP,website,https://www.americanexpress.com
554,AXP,industry,Credit Services
555,AXP,industryKey,credit-services
556,AXP,industryDisp,Credit Services
557,AXP,sector,Financial Services
558,AXP,sectorKey,financial-services
559,AXP,sectorDisp,Financial Services
560,AXP,longBusinessSummary,"American Express Company, together with its subsidiaries, operates as an integrated payments company in the United States, Europe, the Middle East and Africa, the Asia Pacific, Australia, New Zealand, Latin America, Canada, the Caribbean, and internationally. It operates through four segments: U.S. Consumer Services, Commercial Services, International Card Services, and Global Merchant and Network Services. The company offers credit and charge cards and complementary products and services, including travel, dining, and lifestyle and expense management products and services; and banking and other payment and financing products and services, including deposits and non-card lending. It also provides merchant acquisition and processing, servicing and settlement, fraud prevention, and point-of-sale marketing and information products and services, as well as network services. The company offers its products and services to consumers, small businesses, mid-sized companies, and large corporations through mobile and online applications, affiliate marketing, customer referral programs, third-party service providers and business partners, in-house sales teams, direct mail, telephone, and direct response advertising. American Express Company was founded in 1850 and is headquartered in New York, New York."
561,AXP,fullTimeEmployees,76800
562,AXP,companyOfficers,"[{'maxAge': 1, 'name': 'Mr. Stephen Joseph Squeri', 'age': 65, 'title': 'Chairman & CEO', 'yearBorn': 1960, 'fiscalYear': 2025, 'totalPay': 17287408, 'exercisedValue': 22249908, 'unexercisedValue': 36281056}, {'maxAge': 1, 'name': 'Mr. Christophe Y. Le Caillec', 'age': 59, 'title': 'Chief Financial Officer', 'yearBorn': 1966, 'fiscalYear': 2025, 'totalPay': 6992536, 'exercisedValue': 0, 'unexercisedValue': 0}, {'maxAge': 1, 'name': 'Mr. Raymond Donald Joabar', 'age': 59, 'title': 'Group President of Global Commercial Services', 'yearBorn': 1966, 'fiscalYear': 2025, 'totalPay': 6363786, 'exercisedValue': 3000551, 'unexercisedValue': 8343986}, {'maxAge': 1, 'name': 'Mr. Howard Martin Grosfield', 'age': 56, 'title': 'Group President of US Consumer Services', 'yearBorn': 1969, 'fiscalYear': 2025, 'totalPay': 6975740, 'exercisedValue': 0, 'unexercisedValue': 0}, {'maxAge': 1, 'name': 'Mr. Kartik  Ramachandran', 'title': 'Senior VP & Head of Investor Relations', 'fiscalYear': 2025, 'exercisedValue': 0, 'unexercisedValue': 0}, {'maxAge': 1, 'name': 'Ms. Laureen E. Seeger', 'age': 63, 'title': 'Chief Legal Officer', 'yearBorn': 1962, 'fiscalYear': 2025, 'totalPay': 6155660, 'exercisedValue': 5433533, 'unexercisedValue': 0}, {'maxAge': 1, 'name': 'Ms. Elizabeth  Rutledge', 'age': 63, 'title': 'Chief Marketing Officer', 'yearBorn': 1962, 'fiscalYear': 2025, 'exercisedValue': 0, 'unexercisedValue': 0}, {'maxAge': 1, 'name': 'Ms. Glenda G. McNeal', 'age': 64, 'title': 'Chief Partner Officer', 'yearBorn': 1961, 'fiscalYear': 2025, 'exercisedValue': 0, 'unexercisedValue': 0}, {'maxAge': 1, 'name': 'Ms. Denise  Pickett', 'age': 59, 'title': 'President of Enterprise Shared Services', 'yearBorn': 1966, 'fiscalYear': 2025, 'exercisedValue': 0, 'unexercisedValue': 0}, {'maxAge': 1, 'name': 'Mr. David  Fabricant', 'age': 54, 'title': 'Senior Vice President of Controllership', 'yearBorn': 1971, 'fiscalYear': 2025, 'exercisedValue': 0, 'unexercisedValue': 0}]"
563,AXP,auditRisk,4
564,AXP,boardRisk,9
565,AXP,compensationRisk,1
566,AXP,shareHolderRightsRisk,6
567,AXP,overallRisk,5
568,AXP,governanceEpochDate,1785542400
569,AXP,compensationAsOfEpochDate,1767139200
570,AXP,irWebsite,http://ir.americanexpress.com/phoenix.zhtml?c=64467&p=irol-irhome
571,AXP,executiveTeam,[]
572,AXP,maxAge,86400
573,AXP,priceHint,2
574,AXP,previousClose,337.52
575,AXP,open,338.28
576,AXP,dayLow,336.0
577,AXP,dayHigh,340.3
578,AXP,regularMarketPreviousClose,337.52
579,AXP,regularMarketOpen,338.28
580,AXP,regularMarketDayLow,336.0
581,AXP,regularMarketDayHigh,340.3
582,AXP,dividendRate,3.8
583,AXP,dividendYield,1.13
584,AXP,exDividendDate,1782950400
585,AXP,payoutRatio,0.2148
586,AXP,fiveYearAvgDividendYield,1.1
587,AXP,beta,1.045
588,AXP,trailingPE,20.40352
589,AXP,forwardPE,16.724737
590,AXP,volume,2327235
591,AXP,regularMarketVolume,2327235
592,AXP,averageVolume,3165574
593,AXP,averageVolume10days,3386650
594,AXP,averageDailyVolume10Day,3386650
595,AXP,bid,336.0
596,AXP,ask,337.51
597,AXP,bidSize,40
598,AXP,askSize,120
599,AXP,marketCap,227072933888
600,AXP,nonDilutedMarketCap,227072931346
601,AXP,fiftyTwoWeekLow,290.63
602,AXP,fiftyTwoWeekHigh,387.49
603,AXP,allTimeHigh,387.49
604,AXP,allTimeLow,1.134539
605,AXP,priceToSalesTrailing12Months,3.2021341
606,AXP,fiftyDayAverage,333.5452
607,AXP,twoHundredDayAverage,339.4447
608,AXP,trailingAnnualDividendRate,3.54
609,AXP,trailingAnnualDividendYield,0.010488268
610,AXP,currency,USD
611,AXP,tradeable,False
612,AXP,enterpriseValue,240412934144
613,AXP,profitMargins,0.16141
614,AXP,floatShares,522230600
615,AXP,sharesOutstanding,675309833
616,AXP,sharesShort,11492443
617,AXP,sharesShortPriorMonth,12100785
618,AXP,sharesShortPreviousMonthDate,1781481600
619,AXP,dateShortInterest,1784073600
620,AXP,sharesPercentSharesOut,0.0168
621,AXP,heldPercentInsiders,0.22558
622,AXP,heldPercentInstitutions,0.65825
623,AXP,shortRatio,3.42
624,AXP,shortPercentOfFloat,0.0217
625,AXP,impliedSharesOutstanding,675309833
626,AXP,bookValue,50.785
627,AXP,priceToBook,6.6210494
628,AXP,lastFiscalYearEnd,1767139200
629,AXP,nextFiscalYearEnd,1798675200
630,AXP,mostRecentQuarter,1782777600
631,AXP,earningsQuarterlyGrowth,0.078
632,AXP,netIncomeToCommon,11310999552
633,AXP,trailingEps,16.48
634,AXP,forwardEps,20.10495
635,AXP,pegRatio,1.57
636,AXP,lastSplitFactor,10000:8753
637,AXP,lastSplitDate,1128297600
638,AXP,enterpriseToRevenue,3.39
639,AXP,52WeekChange,0.12612617
640,AXP,SandP52WeekChange,0.18322134
641,AXP,lastDividendValue,0.95
642,AXP,lastDividendDate,1782950400
643,AXP,quoteType,EQUITY
644,AXP,currentPrice,336.25
645,AXP,targetHighPrice,450.0
646,AXP,targetLowPrice,315.0
647,AXP,targetMeanPrice,374.5428
648,AXP,targetMedianPrice,375.0
649,AXP,recommendationMean,2.23333
650,AXP,recommendationKey,buy
651,AXP,numberOfAnalystOpinions,25
652,AXP,totalCash,45752000512
653,AXP,totalCashPerShare,67.75
654,AXP,totalDebt,59092000768
655,AXP,quickRatio,1.542
656,AXP,currentRatio,1.553
657,AXP,totalRevenue,70912999424
658,AXP,debtToEquity,172.38
659,AXP,revenuePerShare,103.447
660,AXP,returnOnAssets,0.037920002
661,AXP,returnOnEquity,0.34377
662,AXP,grossProfits,44205998080
663,AXP,operatingCashflow,18474999808
664,AXP,earningsGrowth,0.11
665,AXP,revenueGrowth,0.128
666,AXP,grossMargins,0.62338
667,AXP,ebitdaMargins,0.0
668,AXP,operatingMargins,0.2032
669,AXP,financialCurrency,USD
670,AXP,symbol,AXP
671,AXP,language,en-US
672,AXP,region,US
673,AXP,typeDisp,Equity
674,AXP,quoteSourceName,Nasdaq Real Time Price
675,AXP,triggerable,True
676,AXP,customPriceAlertConfidence,HIGH
677,AXP,postMarketTime,1785542251
678,AXP,regularMarketTime,1785528003
679,AXP,exchange,NYQ
680,AXP,messageBoardId,finmb_92001
681,AXP,exchangeTimezoneName,America/New_York
682,AXP,exchangeTimezoneShortName,EDT
683,AXP,gmtOffSetMilliseconds,-14400000
684,AXP,market,us_market
685,AXP,esgPopulated,False
686,AXP,regularMarketChangePercent,-0.376271
687,AXP,regularMarketPrice,336.25
688,AXP,shortName,American Express Company
689,AXP,longName,American Express Company
690,AXP,hasPrePostMarketData,True
691,AXP,firstTradeDateMilliseconds,76253400000
692,AXP,postMarketChangePercent,0.669145
693,AXP,postMarketPrice,338.5
694,AXP,postMarketChange,2.25
695,AXP,regularMarketChange,-1.26999
696,AXP,regularMarketDayRange,336.0 - 340.3
697,AXP,fullExchangeName,NYSE
698,AXP,averageDailyVolume3Month,3165574
699,AXP,fiftyTwoWeekLowChange,45.619995
700,AXP,fiftyTwoWeekLowChangePercent,0.15696932
701,AXP,fiftyTwoWeekRange,290.63 - 387.49
702,AXP,fiftyTwoWeekHighChange,-51.23999
703,AXP,fiftyTwoWeekHighChangePercent,-0.13223565
704,AXP,fiftyTwoWeekChangePercent,12.6126175
705,AXP,dividendDate,1786320000
706,AXP,earningsTimestamp,1792758600
707,AXP,earningsTimestampStart,1792758600
708,AXP,earningsTimestampEnd,1792758600
709,AXP,earningsCallTimestampStart,1792785600
710,AXP,earningsCallTimestampEnd,1792785600
711,AXP,isEarningsDateEstimate,False
712,AXP,epsTrailingTwelveMonths,16.48
713,AXP,epsForward,20.10495
714,AXP,epsCurrentYear,17.6362
715,AXP,priceEpsCurrentYear,19.065899
716,AXP,fiftyDayAverageChange,2.7048035
717,AXP,fiftyDayAverageChangePercent,0.008109257
718,AXP,twoHundredDayAverageChange,-3.1947021
719,AXP,twoHundredDayAverageChangePercent,-0.009411554
720,AXP,sourceInterval,15
721,AXP,exchangeDataDelayedBy,0
722,AXP,averageAnalystRating,2.2 - Buy
723,AXP,cryptoTradeable,False
724,AXP,marketState,CLOSED
725,AXP,corporateActions,[]
726,AXP,trailingPegRatio,1.5666
727,BRK-B,address1,3555 Farnam Street
728,BRK-B,city,Omaha
729,BRK-B,state,NE
730,BRK-B,zip,68131
731,BRK-B,country,United States
732,BRK-B,phone,402 346 1400
733,BRK-B,website,https://www.berkshirehathaway.com
734,BRK-B,industry,Insurance - Diversified
735,BRK-B,industryKey,insurance-diversified
736,BRK-B,industryDisp,Insurance - Diversified
737,BRK-B,sector,Financial Services
738,BRK-B,sectorKey,financial-services
739,BRK-B,sectorDisp,Financial Services
740,BRK-B,longBusinessSummary,"Berkshire Hathaway Inc., together with its subsidiaries, engages in the insurance, freight rail transportation, and utility businesses. The company provides property, casualty, life, accident, and health insurance and reinsurance; operates railroad systems in North America; generates, transmits, stores, and distributes electricity from natural gas, coal, wind, solar, hydroelectric, nuclear, and geothermal sources; operates natural gas distribution and storage facilities, interstate pipelines, liquefied natural gas facilities, and compressor and meter stations; and holds interest in coal mining assets. It manufactures boxed chocolates and other confectionery products; specialty chemicals, metal cutting tools, and components for aerospace and power generation applications; prefabricated and site-built residential homes, flooring products; insulation, roofing, and engineered products; building and engineered components; paints and coatings; and bricks and masonry products, as well as offers manufactured and site-built home construction, and related lending and financial services. In addition, the company provides recreational vehicles, apparel, footwear, toys, jewelry, custom picture framing products, alkaline batteries, logistics services, and professional aviation training and shared aircraft ownership programs; castings, forgings, fasteners/fastener systems, aerostructures, and precision components; and cobalt, nickel, and titanium alloys. Further, it distributes televisions and information, and grocery and non-food consumer products; franchises and services quick service restaurants; and distributes electronic components. Additionally, it retails automobiles; furniture, bedding, and accessories; household appliances, electronics, and floor coverings; watches, home decor and repair services; sells kitchenware; and motorcycle clothing and equipment. The company was incorporated in 1998 and is headquartered in Omaha, Nebraska."
741,BRK-B,fullTimeEmployees,387800
742,BRK-B,companyOfficers,"[{'maxAge': 1, 'name': 'Mr. Gregory Edward Abel', 'age': 63, 'title': 'CEO, President & Director', 'yearBorn': 1962, 'fiscalYear': 2025, 'totalPay': 22017500, 'exercisedValue': 0, 'unexercisedValue': 0}, {'maxAge': 1, 'name': 'Mr. Marc David Hamburg', 'age': 75, 'title': 'Executive Officer', 'yearBorn': 1950, 'fiscalYear': 2025, 'totalPay': 4330000, 'exercisedValue': 0, 'unexercisedValue': 0}, {'maxAge': 1, 'name': 'Mr. Ajit  Jain', 'age': 73, 'title': 'Vice Chairman of Insurance Operations & Director', 'yearBorn': 1952, 'fiscalYear': 2025, 'totalPay': 22017500, 'exercisedValue': 0, 'unexercisedValue': 0}, {'maxAge': 1, 'name': 'Mr. Charles C. Chang', 'age': 56, 'title': 'Senior VP & CFO', 'yearBorn': 1969, 'fiscalYear': 2025, 'exercisedValue': 0, 'unexercisedValue': 0}, {'maxAge': 1, 'name': 'Mr. Daniel Jerome Jaksich', 'title': 'VP, Controller & Principal Accounting Officer', 'fiscalYear': 2025, 'exercisedValue': 0, 'unexercisedValue': 0}, {'maxAge': 1, 'name': ""Mr. Michael J. O'Sullivan J.D."", 'age': 59, 'title': 'Senior VP & General Counsel', 'yearBorn': 1966, 'fiscalYear': 2025, 'exercisedValue': 0, 'unexercisedValue': 0}, {'maxAge': 1, 'name': 'Mr. Adam M. Johnson', 'age': 53, 'title': 'President of Consumer Products, Service & Retailing', 'yearBorn': 1972, 'fiscalYear': 2025, 'exercisedValue': 0, 'unexercisedValue': 0}, {'maxAge': 1, 'name': 'Mr. Kerby S. Ham', 'title': 'Treasurer', 'fiscalYear': 2025, 'exercisedValue': 0, 'unexercisedValue': 0}, {'maxAge': 1, 'name': 'Mr. Peter James Eastwood', 'title': 'CEO & President of Specialty Insurance', 'fiscalYear': 2025, 'exercisedValue': 0, 'unexercisedValue': 0}, {'maxAge': 1, 'name': 'Ms. Kara Lee Raiguel', 'title': 'CEO & President of General Re Unit', 'fiscalYear': 2025, 'exercisedValue': 0, 'unexercisedValue': 0}]"
743,BRK-B,auditRisk,10
744,BRK-B,boardRisk,10
745,BRK-B,compensationRisk,9
746,BRK-B,shareHolderRightsRisk,10
747,BRK-B,overallRisk,10
748,BRK-B,governanceEpochDate,1785542400
749,BRK-B,compensationAsOfEpochDate,1767139200
750,BRK-B,executiveTeam,[]
751,BRK-B,maxAge,86400
752,BRK-B,priceHint,2
753,BRK-B,previousClose,509.68
754,BRK-B,open,508.99
755,BRK-B,dayLow,506.71
756,BRK-B,dayHigh,513.03
757,BRK-B,regularMarketPreviousClose,509.68
758,BRK-B,regularMarketOpen,508.99
759,BRK-B,regularMarketDayLow,506.71
760,BRK-B,regularMarketDayHigh,513.03
761,BRK-B,payoutRatio,0.0
762,BRK-B,beta,0.607
763,BRK-B,trailingPE,15.219875
764,BRK-B,forwardPE,23.713665
765,BRK-B,volume,2521127
766,BRK-B,regularMarketVolume,2521127
767,BRK-B,averageVolume,4953154
768,BRK-B,averageVolume10days,4078650
769,BRK-B,averageDailyVolume10Day,4078650
770,BRK-B,bid,511.1
771,BRK-B,ask,512.64
772,BRK-B,bidSize,40
773,BRK-B,askSize,120
774,BRK-B,marketCap,1103317041152
775,BRK-B,nonDilutedMarketCap,1102958148736
776,BRK-B,fiftyTwoWeekLow,455.19
777,BRK-B,fiftyTwoWeekHigh,516.85
778,BRK-B,allTimeHigh,542.07
779,BRK-B,allTimeLow,19.8
780,BRK-B,priceToSalesTrailing12Months,2.9390907
781,BRK-B,fiftyDayAverage,491.3774
782,BRK-B,twoHundredDayAverage,490.3947
783,BRK-B,trailingAnnualDividendRate,0.0
784,BRK-B,trailingAnnualDividendYield,0.0
785,BRK-B,currency,USD
786,BRK-B,tradeable,False
787,BRK-B,enterpriseValue,-265492447232
788,BRK-B,profitMargins,0.19305
789,BRK-B,floatShares,1166258
790,BRK-B,sharesOutstanding,1398308677
791,BRK-B,sharesShort,11923610
792,BRK-B,sharesShortPriorMonth,11722714
793,BRK-B,sharesShortPreviousMonthDate,1772150400
794,BRK-B,dateShortInterest,1774915200
795,BRK-B,sharesPercentSharesOut,0.0055
796,BRK-B,heldPercentInsiders,0.00265
797,BRK-B,heldPercentInstitutions,0.67515
798,BRK-B,shortRatio,2.33
799,BRK-B,shortPercentOfFloat,0.0095999995
800,BRK-B,impliedSharesOutstanding,2156853797
801,BRK-B,bookValue,505559.44
802,BRK-B,priceToBook,0.0010118296
803,BRK-B,lastFiscalYearEnd,1767139200
804,BRK-B,nextFiscalYearEnd,1798675200
805,BRK-B,mostRecentQuarter,1774915200
806,BRK-B,earningsQuarterlyGrowth,1.196
807,BRK-B,netIncomeToCommon,72471003136
808,BRK-B,trailingEps,33.61
809,BRK-B,forwardEps,21.57153
810,BRK-B,pegRatio,10.06
811,BRK-B,lastSplitFactor,50:1
812,BRK-B,lastSplitDate,1264032000
813,BRK-B,enterpriseToRevenue,-0.707
814,BRK-B,enterpriseToEbitda,-2.25
815,BRK-B,52WeekChange,0.11419916
816,BRK-B,SandP52WeekChange,0.18322134
817,BRK-B,quoteType,EQUITY
818,BRK-B,currentPrice,511.54
819,BRK-B,targetHighPrice,585.0
820,BRK-B,targetLowPrice,481.0
821,BRK-B,targetMeanPrice,525.3333
822,BRK-B,targetMedianPrice,510.0
823,BRK-B,recommendationMean,2.0
824,BRK-B,recommendationKey,buy
825,BRK-B,numberOfAnalystOpinions,3
826,BRK-B,totalCash,397383008256
827,BRK-B,totalCashPerShare,276362.1
828,BRK-B,ebitda,118003998720
829,BRK-B,totalDebt,128885997568
830,BRK-B,quickRatio,2.7
831,BRK-B,currentRatio,2.876
832,BRK-B,totalRevenue,375394009088
833,BRK-B,debtToEquity,17.669
834,BRK-B,revenuePerShare,261016.9
835,BRK-B,returnOnAssets,0.053940002
836,BRK-B,returnOnEquity,0.10499
837,BRK-B,grossProfits,104282996736
838,BRK-B,freeCashflow,61228249088
839,BRK-B,operatingCashflow,45504000000
840,BRK-B,earningsGrowth,1.196
841,BRK-B,revenueGrowth,0.044
842,BRK-B,grossMargins,0.2778
843,BRK-B,ebitdaMargins,0.31435
844,BRK-B,operatingMargins,0.14352
845,BRK-B,financialCurrency,USD
846,BRK-B,symbol,BRK-B
847,BRK-B,language,en-US
848,BRK-B,region,US
849,BRK-B,typeDisp,Equity
850,BRK-B,quoteSourceName,Nasdaq Real Time Price
851,BRK-B,triggerable,True
852,BRK-B,customPriceAlertConfidence,HIGH
853,BRK-B,hasPrePostMarketData,True
854,BRK-B,firstTradeDateMilliseconds,831648600000
855,BRK-B,postMarketChangePercent,0.042828653
856,BRK-B,postMarketPrice,511.7591
857,BRK-B,postMarketChange,0.2190857
858,BRK-B,regularMarketChange,1.86002
859,BRK-B,regularMarketDayRange,506.71 - 513.03
860,BRK-B,fullExchangeName,NYSE
861,BRK-B,averageDailyVolume3Month,4953154
862,BRK-B,fiftyTwoWeekLowChange,56.350006
863,BRK-B,fiftyTwoWeekLowChangePercent,0.12379447
864,BRK-B,fiftyTwoWeekRange,455.19 - 516.85
865,BRK-B,fiftyTwoWeekHighChange,-5.309967
866,BRK-B,fiftyTwoWeekHighChangePercent,-0.010273711
867,BRK-B,fiftyTwoWeekChangePercent,11.419916
868,BRK-B,earningsTimestamp,1777752000
869,BRK-B,earningsTimestampStart,1786219200
870,BRK-B,earningsTimestampEnd,1786219200
871,BRK-B,isEarningsDateEstimate,True
872,BRK-B,epsTrailingTwelveMonths,33.61
873,BRK-B,epsForward,21.57153
874,BRK-B,epsCurrentYear,20.89024
875,BRK-B,priceEpsCurrentYear,24.487034
876,BRK-B,fiftyDayAverageChange,20.162598
877,BRK-B,fiftyDayAverageChangePercent,0.041032813
878,BRK-B,twoHundredDayAverageChange,21.145294
879,BRK-B,twoHundredDayAverageChangePercent,0.043118928
880,BRK-B,sourceInterval,15
881,BRK-B,exchangeDataDelayedBy,0
882,BRK-B,averageAnalystRating,2.0 - Buy
883,BRK-B,cryptoTradeable,False
884,BRK-B,marketState,CLOSED
885,BRK-B,shortName,Berkshire Hathaway Inc. New
886,BRK-B,longName,Berkshire Hathaway Inc.
887,BRK-B,regularMarketChangePercent,0.364938
888,BRK-B,regularMarketPrice,511.54
889,BRK-B,corporateActions,[]
890,BRK-B,postMarketTime,1785542297
891,BRK-B,regularMarketTime,1785528003
892,BRK-B,exchange,NYQ
893,BRK-B,messageBoardId,finmb_255251
894,BRK-B,exchangeTimezoneName,America/New_York
895,BRK-B,exchangeTimezoneShortName,EDT
896,BRK-B,gmtOffSetMilliseconds,-14400000
897,BRK-B,market,us_market
898,BRK-B,esgPopulated,False
899,BRK-B,trailingPegRatio,
900,JPM,address1,270 Park Avenue
901,JPM,city,New York
902,JPM,state,NY
903,JPM,zip,10017
904,JPM,country,United States
905,JPM,phone,212 270 6000
906,JPM,website,https://www.jpmorganchase.com
907,JPM,industry,Banks - Diversified
908,JPM,industryKey,banks-diversified
909,JPM,industryDisp,Banks - Diversified
910,JPM,sector,Financial Services
911,JPM,sectorKey,financial-services
912,JPM,sectorDisp,Financial Services
913,JPM,longBusinessSummary,"JPMorgan Chase & Co. operates as a bank and financial holding company in the United States, rest of North America, Europe, the Middle East, Africa, the Asia Pacific, Latin America, and the Caribbean. It operates in three segments: Consumer & Community Banking, Commercial & Investment Bank, and Asset & Wealth Management. The company offers deposit, investment and lending products, and cash management; mortgage origination and servicing activities; residential mortgages and home equity loans; and credit cards, payment solutions, travel services, merchant offers, lifestyle benefits, auto loans, and leases to consumers and small businesses through bank branches, ATMs, and digital and telephone banking. It also provides investment banking, market-making, financing, custody, and securities products and services; corporate strategy and structure advisory, equity and debt market capital-raising, and loan origination and syndication services; cash and derivative instruments, risk management solutions, prime brokerage, clearing, and research; and fund services, liquidity and trading services, and data solutions products for large corporations, financial institutions, merchants, start-ups, small and midsized companies, local governments, municipalities, nonprofits, and commercial real estate clients. In addition, the company offers multi-asset investment management solutions in equities, fixed income, alternatives, and money market funds to institutional clients and retail investors; retirement products and services, estate planning, lending, deposits, and investment management products to high-net-worth clients; and financial transaction processing. JPMorgan Chase & Co. was founded in 1799 and is headquartered in New York, New York."
914,JPM,fullTimeEmployees,320560
915,JPM,companyOfficers,"[{'maxAge': 1, 'name': 'Mr. James  Dimon', 'age': 69, 'title': 'Chairman & CEO', 'yearBorn': 1956, 'fiscalYear': 2025, 'totalPay': 8087852, 'exercisedValue': 0, 'unexercisedValue': 0}, {'maxAge': 1, 'name': 'Mr. Douglas B. Petno', 'age': 59, 'title': 'CEO of the Commercial & Investment Bank and Co-President', 'yearBorn': 1966, 'fiscalYear': 2025, 'totalPay': 11631825, 'exercisedValue': 0, 'unexercisedValue': 0}, {'maxAge': 1, 'name': 'Mr. Troy Larry Rohrbaugh', 'age': 55, 'title': 'CEO of Consumer & Community Banking and Co-President', 'yearBorn': 1970, 'fiscalYear': 2025, 'totalPay': 11608676, 'exercisedValue': 0, 'unexercisedValue': 0}, {'maxAge': 1, 'name': 'Mr. Jeremy  Barnum', 'age': 52, 'title': 'Executive VP & CFO', 'yearBorn': 1973, 'fiscalYear': 2025, 'totalPay': 8400000, 'exercisedValue': 0, 'unexercisedValue': 0}, {'maxAge': 1, 'name': 'Ms. Mary Callahan Erdoes', 'age': 58, 'title': 'Chief Executive Officer of Asset & Wealth Management and Executive VP', 'yearBorn': 1967, 'fiscalYear': 2025, 'totalPay': 13000000, 'exercisedValue': 0, 'unexercisedValue': 0}, {'maxAge': 1, 'name': 'Mr. Daniel Eduardo Pinto', 'age': 62, 'title': 'Vice Chairman', 'yearBorn': 1963, 'fiscalYear': 2025, 'totalPay': 6616871, 'exercisedValue': 0, 'unexercisedValue': 0}, {'maxAge': 1, 'name': 'Mr. Todd Anthony Combs M.B.A.', 'age': 54, 'title': 'Head Strategic Investment Group of Security & Resiliency Initiative', 'yearBorn': 1971, 'fiscalYear': 2025, 'totalPay': 147717, 'exercisedValue': 0, 'unexercisedValue': 0}, {'maxAge': 1, 'name': 'Eugene  Davy', 'title': 'Co-Founder & Head of Investment Banking of EMEA', 'fiscalYear': 2025, 'exercisedValue': 0, 'unexercisedValue': 0}, {'maxAge': 1, 'name': 'Ms. Jennifer A. Piepszak', 'age': 54, 'title': 'Chief Operating Officer', 'yearBorn': 1971, 'fiscalYear': 2025, 'totalPay': 7855000, 'exercisedValue': 0, 'unexercisedValue': 0}, {'maxAge': 1, 'name': 'Ms. Elena A. Korablina', 'age': 51, 'title': 'MD, Firmwide Controller & Principal Accounting Officer', 'yearBorn': 1974, 'fiscalYear': 2025, 'exercisedValue': 0, 'unexercisedValue': 0}]"
916,JPM,auditRisk,6
917,JPM,boardRisk,6
918,JPM,compensationRisk,4
919,JPM,shareHolderRightsRisk,3
920,JPM,overallRisk,3
921,JPM,governanceEpochDate,1785542400
922,JPM,compensationAsOfEpochDate,1767139200
923,JPM,irWebsite,http://investor.shareholder.com/jpmorganchase/
924,JPM,executiveTeam,[]
925,JPM,maxAge,86400
926,JPM,priceHint,2
927,JPM,previousClose,350.85
928,JPM,open,353.3
929,JPM,dayLow,349.7
930,JPM,dayHigh,354.47
931,JPM,regularMarketPreviousClose,350.85
932,JPM,regularMarketOpen,353.3
933,JPM,regularMarketDayLow,349.7
934,JPM,regularMarketDayHigh,354.47
935,JPM,dividendRate,6.0
936,JPM,dividendYield,1.71
937,JPM,exDividendDate,1783296000
938,JPM,payoutRatio,0.2571
939,JPM,fiveYearAvgDividendYield,2.39
940,JPM,beta,0.982
941,JPM,trailingPE,15.085335
942,JPM,forwardPE,14.187467
943,JPM,volume,6583546
944,JPM,regularMarketVolume,6583546
945,JPM,averageVolume,9384714
946,JPM,averageVolume10days,7709720
947,JPM,averageDailyVolume10Day,7709720
948,JPM,bid,353.07
949,JPM,ask,353.22
950,JPM,bidSize,40
951,JPM,askSize,40
952,JPM,marketCap,935128203264
953,JPM,nonDilutedMarketCap,935128178000
954,JPM,fiftyTwoWeekLow,279.1
955,JPM,fiftyTwoWeekHigh,359.3
956,JPM,allTimeHigh,359.3
957,JPM,allTimeLow,3.208333
958,JPM,priceToSalesTrailing12Months,5.0187206
959,JPM,fiftyDayAverage,327.6862
960,JPM,twoHundredDayAverage,311.85275
961,JPM,trailingAnnualDividendRate,6.0
962,JPM,trailingAnnualDividendYield,0.017101325
963,JPM,currency,USD
964,JPM,tradeable,False
965,JPM,enterpriseValue,471975165952
966,JPM,profitMargins,0.34921002
967,JPM,floatShares,2643925466
968,JPM,sharesOutstanding,2658200000
969,JPM,sharesShort,29481916
970,JPM,sharesShortPriorMonth,30082851
971,JPM,sharesShortPreviousMonthDate,1781481600
972,JPM,dateShortInterest,1784073600
973,JPM,sharesPercentSharesOut,0.0111
974,JPM,heldPercentInsiders,0.0038800002
975,JPM,heldPercentInstitutions,0.76155996
976,JPM,shortRatio,2.66
977,JPM,shortPercentOfFloat,0.0111
978,JPM,impliedSharesOutstanding,2658200000
979,JPM,bookValue,133.007
980,JPM,priceToBook,2.6448984
981,JPM,lastFiscalYearEnd,1767139200
982,JPM,nextFiscalYearEnd,1798675200
983,JPM,mostRecentQuarter,1782777600
984,JPM,earningsQuarterlyGrowth,0.412
985,JPM,netIncomeToCommon,63634001920
986,JPM,trailingEps,23.32
987,JPM,forwardEps,24.79583
988,JPM,pegRatio,1.69
989,JPM,lastSplitFactor,3:2
990,JPM,lastSplitDate,960768000
991,JPM,enterpriseToRevenue,2.533
992,JPM,52WeekChange,0.1955074
993,JPM,SandP52WeekChange,0.18322134
994,JPM,lastDividendValue,1.5
995,JPM,lastDividendDate,1783296000
996,JPM,quoteType,EQUITY
997,JPM,currentPrice,351.79
998,JPM,targetHighPrice,420.0
999,JPM,targetLowPrice,305.0
1000,JPM,targetMeanPrice,371.85
1001,JPM,targetMedianPrice,373.5
1002,JPM,recommendationMean,2.08696
1003,JPM,recommendationKey,buy
1004,JPM,numberOfAnalystOpinions,20
1005,JPM,totalCash,1818026049536
1006,JPM,totalCashPerShare,683.931
1007,JPM,totalDebt,1333832974336
1008,JPM,totalRevenue,186328006656
1009,JPM,revenuePerShare,68.351
1010,JPM,returnOnAssets,0.0136
1011,JPM,returnOnEquity,0.17789
1012,JPM,grossProfits,186328006656
1013,JPM,earningsGrowth,0.469
1014,JPM,revenueGrowth,0.304
1015,JPM,grossMargins,0.0
1016,JPM,ebitdaMargins,0.0
1017,JPM,operatingMargins,0.50394
1018,JPM,financialCurrency,USD
1019,JPM,symbol,JPM
1020,JPM,language,en-US
1021,JPM,region,US
1022,JPM,typeDisp,Equity
1023,JPM,quoteSourceName,Nasdaq Real Time Price
1024,JPM,triggerable,True
1025,JPM,customPriceAlertConfidence,HIGH
1026,JPM,cryptoTradeable,False
1027,JPM,hasPrePostMarketData,True
1028,JPM,firstTradeDateMilliseconds,322151400000
1029,JPM,postMarketChangePercent,-0.46619138
1030,JPM,postMarketPrice,350.15
1031,JPM,postMarketChange,-1.6400146
1032,JPM,regularMarketChange,0.940002
1033,JPM,regularMarketDayRange,349.7 - 354.47
1034,JPM,fullExchangeName,NYSE
1035,JPM,averageDailyVolume3Month,9384714
1036,JPM,fiftyTwoWeekLowChange,72.69
1037,JPM,fiftyTwoWeekLowChangePercent,0.26044428
1038,JPM,fiftyTwoWeekRange,279.1 - 359.3
1039,JPM,fiftyTwoWeekHighChange,-7.5099792
1040,JPM,fiftyTwoWeekHighChangePercent,-0.020901697
1041,JPM,fiftyTwoWeekChangePercent,19.550741
1042,JPM,dividendDate,1785456000
1043,JPM,earningsTimestamp,1791894600
1044,JPM,earningsTimestampStart,1791894600
1045,JPM,earningsTimestampEnd,1791894600
1046,JPM,earningsCallTimestampStart,1791921600
1047,JPM,earningsCallTimestampEnd,1791921600
1048,JPM,isEarningsDateEstimate,False
1049,JPM,epsTrailingTwelveMonths,23.32
1050,JPM,epsForward,24.79583
1051,JPM,epsCurrentYear,24.07178
1052,JPM,priceEpsCurrentYear,14.614209
1053,JPM,fiftyDayAverageChange,24.10382
1054,JPM,fiftyDayAverageChangePercent,0.07355764
1055,JPM,twoHundredDayAverageChange,39.937256
1056,JPM,twoHundredDayAverageChangePercent,0.12806447
1057,JPM,sourceInterval,15
1058,JPM,exchangeDataDelayedBy,0
1059,JPM,averageAnalystRating,2.1 - Buy
1060,JPM,shortName,JP Morgan Chase & Co.
1061,JPM,longName,JPMorgan Chase & Co.
1062,JPM,regularMarketChangePercent,0.267921
1063,JPM,regularMarketPrice,351.79
1064,JPM,marketState,CLOSED
1065,JPM,corporateActions,[]
1066,JPM,postMarketTime,1785542300
1067,JPM,regularMarketTime,1785528002
1068,JPM,exchange,NYQ
1069,JPM,messageBoardId,finmb_658776
1070,JPM,exchangeTimezoneName,America/New_York
1071,JPM,exchangeTimezoneShortName,EDT
1072,JPM,gmtOffSetMilliseconds,-14400000
1073,JPM,market,us_market
1074,JPM,esgPopulated,False
1075,JPM,displayName,JPMorgan Chase &
1076,JPM,trailingPegRatio,1.7205
1077,JNJ,address1,One Johnson & Johnson Plaza
1078,JNJ,city,New Brunswick
1079,JNJ,state,NJ
1080,JNJ,zip,08933
1081,JNJ,country,United States
1082,JNJ,phone,732 524 0400
1083,JNJ,website,https://www.jnj.com
1084,JNJ,industry,Drug Manufacturers - General
1085,JNJ,industryKey,drug-manufacturers-general
1086,JNJ,industryDisp,Drug Manufacturers - General
1087,JNJ,sector,Healthcare
1088,JNJ,sectorKey,healthcare
1089,JNJ,sectorDisp,Healthcare
1090,JNJ,longBusinessSummary,"Johnson & Johnson, together with its subsidiaries, engages in the research and development, manufacture, and sale of a range of products in the healthcare field worldwide. It operates in two segments, Innovative Medicine and MedTech. The Innovative Medicine segment offers products for various therapeutic areas, such as oncology, immunology, neuroscience, pulmonary hypertension, infectious diseases, and cardiovascular and metabolism distributed through retailers, wholesalers, distributors, hospitals, and healthcare professionals for prescription use. The MedTech segment provides a portfolio of products used in the surgery, orthopedic, cardiovascular, and vision fields distributed through wholesalers, hospitals and retailers, and used in the professional fields by physicians, nurses, hospitals, eye care professionals and clinics. This segment also offers products and enabling technologies that support joint reconstruction, trauma, spine, sports related injuries, and others, as well as open, laparoscopic, and robotic surgical procedures; instrumentation, energy devices, stapling systems, wound closure, biosurgery products, and digital and robotic technologies; breast aesthetics and reconstruction; contact lenses under the ACUVUE brand; intraocular lenses for cataract surgery, and other products used in cataract and refractive procedures under the TECNIS brand. The company was founded in 1886 and is based in New Brunswick, New Jersey."
1091,JNJ,fullTimeEmployees,138200
1092,JNJ,companyOfficers,"[{'maxAge': 1, 'name': 'Mr. Joaquin  Duato', 'age': 62, 'title': 'CEO & Chairman', 'yearBorn': 1963, 'fiscalYear': 2025, 'totalPay': 6499931, 'exercisedValue': 16436116, 'unexercisedValue': 52665080}, {'maxAge': 1, 'name': 'Ms. Jennifer L. Taubert', 'age': 61, 'title': 'Executive VP & Worldwide Chairman of Innovative Medicine', 'yearBorn': 1964, 'fiscalYear': 2025, 'totalPay': 3313021, 'exercisedValue': 7392427, 'unexercisedValue': 27728240}, {'maxAge': 1, 'name': 'Dr. John C. Reed M.D., Ph.D.', 'age': 67, 'title': 'Executive Vice President of Innovative Medicine and R&D', 'yearBorn': 1958, 'fiscalYear': 2025, 'totalPay': 3165384, 'exercisedValue': 755615, 'unexercisedValue': 0}, {'maxAge': 1, 'name': 'Mr. Timothy  Schmid', 'age': 55, 'title': 'Executive VP & Worldwide Chairman of MedTech', 'yearBorn': 1970, 'fiscalYear': 2025, 'totalPay': 2538167, 'exercisedValue': 0, 'unexercisedValue': 8556005}, {'maxAge': 1, 'name': 'Mr. Robert J. Decker Jr.', 'age': 52, 'title': 'Controller & Chief Accounting Officer', 'yearBorn': 1973, 'fiscalYear': 2025, 'exercisedValue': 0, 'unexercisedValue': 0}, {'maxAge': 1, 'name': 'Mr. James  Swanson', 'age': 59, 'title': 'Executive VP & Chief Information Officer', 'yearBorn': 1966, 'fiscalYear': 2025, 'exercisedValue': 0, 'unexercisedValue': 0}]"
1093,JNJ,auditRisk,4
1094,JNJ,boardRisk,7
1095,JNJ,compensationRisk,4
1096,JNJ,shareHolderRightsRisk,3
1097,JNJ,overallRisk,4
1098,JNJ,governanceEpochDate,1785542400
1099,JNJ,compensationAsOfEpochDate,1767139200
1100,JNJ,irWebsite,http://www.investor.jnj.com/investor-relations.cfm
1101,JNJ,executiveTeam,[]
1102,JNJ,maxAge,86400
1103,JNJ,priceHint,2
1104,JNJ,previousClose,255.82
1105,JNJ,open,256.01
1106,JNJ,dayLow,253.2901
1107,JNJ,dayHigh,258.4699
1108,JNJ,regularMarketPreviousClose,255.82
1109,JNJ,regularMarketOpen,256.01
1110,JNJ,regularMarketDayLow,253.2901
1111,JNJ,regularMarketDayHigh,258.4699
1112,JNJ,dividendRate,5.36
1113,JNJ,dividendYield,2.09
1114,JNJ,exDividendDate,1787616000
1115,JNJ,payoutRatio,0.6079
1116,JNJ,fiveYearAvgDividendYield,2.77
1117,JNJ,beta,0.235
1118,JNJ,trailingPE,29.773521
1119,JNJ,forwardPE,19.97779
1120,JNJ,volume,4552080
1121,JNJ,regularMarketVolume,4552080
1122,JNJ,averageVolume,8269898
1123,JNJ,averageVolume10days,8065970
1124,JNJ,averageDailyVolume10Day,8065970
1125,JNJ,bid,256.0
1126,JNJ,ask,257.31
1127,JNJ,bidSize,100
1128,JNJ,askSize,100
1129,JNJ,marketCap,617777463296
1130,JNJ,nonDilutedMarketCap,617777505340
1131,JNJ,fiftyTwoWeekLow,166.64
1132,JNJ,fiftyTwoWeekHigh,274.9
1133,JNJ,allTimeHigh,274.9
1134,JNJ,allTimeLow,0.142361
1135,JNJ,priceToSalesTrailing12Months,6.308422
1136,JNJ,fiftyDayAverage,245.2014
1137,JNJ,twoHundredDayAverage,226.43385
1138,JNJ,trailingAnnualDividendRate,5.24
1139,JNJ,trailingAnnualDividendYield,0.020483151
1140,JNJ,currency,USD
1141,JNJ,tradeable,False
1142,JNJ,enterpriseValue,646055526400
1143,JNJ,profitMargins,0.21482
1144,JNJ,floatShares,2405898165
1145,JNJ,sharesOutstanding,2409898597
1146,JNJ,sharesShort,27425456
1147,JNJ,sharesShortPriorMonth,26689694
1148,JNJ,sharesShortPreviousMonthDate,1781481600
1149,JNJ,dateShortInterest,1784073600
1150,JNJ,sharesPercentSharesOut,0.0114
1151,JNJ,heldPercentInsiders,0.00048000002
1152,JNJ,heldPercentInstitutions,0.76825
1153,JNJ,shortRatio,3.04
1154,JNJ,shortPercentOfFloat,0.0127
1155,JNJ,impliedSharesOutstanding,2409898597
1156,JNJ,bookValue,35.284
1157,JNJ,priceToBook,7.2653327
1158,JNJ,lastFiscalYearEnd,1766880000
1159,JNJ,nextFiscalYearEnd,1798416000
1160,JNJ,mostRecentQuarter,1782604800
1161,JNJ,earningsQuarterlyGrowth,-0.001
1162,JNJ,netIncomeToCommon,21037000704
1163,JNJ,trailingEps,8.61
1164,JNJ,forwardEps,12.83175
1165,JNJ,pegRatio,4.38
1166,JNJ,lastSplitFactor,2:1
1167,JNJ,lastSplitDate,992390400
1168,JNJ,enterpriseToRevenue,6.597
1169,JNJ,enterpriseToEbitda,18.526
1170,JNJ,52WeekChange,0.49877226
1171,JNJ,SandP52WeekChange,0.18322134
1172,JNJ,lastDividendValue,1.34
1173,JNJ,lastDividendDate,1779753600
1174,JNJ,quoteType,EQUITY
1175,JNJ,currentPrice,256.35
1176,JNJ,targetHighPrice,305.0
1177,JNJ,targetLowPrice,190.0
1178,JNJ,targetMeanPrice,270.5909
1179,JNJ,targetMedianPrice,274.0
1180,JNJ,recommendationMean,1.91304
1181,JNJ,recommendationKey,buy
1182,JNJ,numberOfAnalystOpinions,22
1183,JNJ,totalCash,20757999616
1184,JNJ,totalCashPerShare,8.614
1185,JNJ,ebitda,34872000512
1186,JNJ,totalDebt,49036001280
1187,JNJ,quickRatio,0.725
1188,JNJ,currentRatio,1.089
1189,JNJ,totalRevenue,97929003008
1190,JNJ,debtToEquity,57.709
1191,JNJ,revenuePerShare,40.667
1192,JNJ,returnOnAssets,0.08595
1193,JNJ,returnOnEquity,0.25742
1194,JNJ,grossProfits,66729000960
1195,JNJ,freeCashflow,16885125120
1196,JNJ,operatingCashflow,27608000512
1197,JNJ,earningsGrowth,-0.009
1198,JNJ,revenueGrowth,0.066
1199,JNJ,grossMargins,0.6814
1200,JNJ,ebitdaMargins,0.35609
1201,JNJ,operatingMargins,0.2919
1202,JNJ,financialCurrency,USD
1203,JNJ,symbol,JNJ
1204,JNJ,language,en-US
1205,JNJ,region,US
1206,JNJ,typeDisp,Equity
1207,JNJ,quoteSourceName,Delayed Quote
1208,JNJ,triggerable,True
1209,JNJ,customPriceAlertConfidence,HIGH
1210,JNJ,shortName,Johnson & Johnson
1211,JNJ,longName,Johnson & Johnson
1212,JNJ,marketState,CLOSED
1213,JNJ,hasPrePostMarketData,True
1214,JNJ,firstTradeDateMilliseconds,-252322200000
1215,JNJ,postMarketChangePercent,0.56173295
1216,JNJ,postMarketPrice,257.79
1217,JNJ,postMarketChange,1.4400024
1218,JNJ,regularMarketChange,0.529999
1219,JNJ,regularMarketDayRange,253.2901 - 258.4699
1220,JNJ,fullExchangeName,NYSE
1221,JNJ,averageDailyVolume3Month,8269898
1222,JNJ,fiftyTwoWeekLowChange,89.71001
1223,JNJ,fiftyTwoWeekLowChangePercent,0.5383462
1224,JNJ,fiftyTwoWeekRange,166.64 - 274.9
1225,JNJ,fiftyTwoWeekHighChange,-18.549988
1226,JNJ,fiftyTwoWeekHighChangePercent,-0.06747904
1227,JNJ,fiftyTwoWeekChangePercent,49.877228
1228,JNJ,dividendDate,1788825600
1229,JNJ,earningsTimestamp,1791894600
1230,JNJ,earningsTimestampStart,1791894600
1231,JNJ,earningsTimestampEnd,1791894600
1232,JNJ,earningsCallTimestampStart,1784118600
1233,JNJ,earningsCallTimestampEnd,1784118600
1234,JNJ,isEarningsDateEstimate,False
1235,JNJ,epsTrailingTwelveMonths,8.61
1236,JNJ,epsForward,12.83175
1237,JNJ,epsCurrentYear,11.64777
1238,JNJ,priceEpsCurrentYear,22.008505
1239,JNJ,fiftyDayAverageChange,11.148605
1240,JNJ,fiftyDayAverageChangePercent,0.045467135
1241,JNJ,twoHundredDayAverageChange,29.916153
1242,JNJ,twoHundredDayAverageChangePercent,0.13211873
1243,JNJ,sourceInterval,15
1244,JNJ,exchangeDataDelayedBy,0
1245,JNJ,averageAnalystRating,1.9 - Buy
1246,JNJ,cryptoTradeable,False
1247,JNJ,corporateActions,"[{'header': 'Dividend', 'message': 'JNJ announced a cash dividend of $1.34 with an ex-date of Aug. 25, 2026', 'meta': {'eventType': 'DIVIDEND', 'dateEpochMs': 1787630400000, 'amount': '1.34'}}]"
1248,JNJ,postMarketTime,1785542397
1249,JNJ,regularMarketTime,1785528002
1250,JNJ,exchange,NYQ
1251,JNJ,messageBoardId,finmb_139677
1252,JNJ,exchangeTimezoneName,America/New_York
1253,JNJ,exchangeTimezoneShortName,EDT
1254,JNJ,gmtOffSetMilliseconds,-14400000
1255,JNJ,market,us_market
1256,JNJ,esgPopulated,False
1257,JNJ,regularMarketChangePercent,0.207176
1258,JNJ,regularMarketPrice,256.35
1259,JNJ,trailingPegRatio,4.2316
1260,PFE,address1,66 Hudson Boulevard East
1261,PFE,city,New York
1262,PFE,state,NY
1263,PFE,zip,10001-2192
1264,PFE,country,United States
1265,PFE,phone,212 733 2323
1266,PFE,website,https://www.pfizer.com
1267,PFE,industry,Drug Manufacturers - General
1268,PFE,industryKey,drug-manufacturers-general
1269,PFE,industryDisp,Drug Manufacturers - General
1270,PFE,sector,Healthcare
1271,PFE,sectorKey,healthcare
1272,PFE,sectorDisp,Healthcare
1273,PFE,longBusinessSummary,"Pfizer Inc. discovers, develops, manufactures, markets, distributes, and sells biopharmaceutical products in the United States and internationally. It operates in three segments: Biopharma, PC1, and Pfizer Ignite. The company offers internal medicine products, including cardiovascular metabolic diseases products under the Eliquis brand; migraine products under the Nurtec ODT/Vydura and Zavzpret brand; vaccines under the Prevnar family, Abrysvo, Nimenrix, FSME/IMMUN-TicoVac, and Trumenba brands; and Paxlovid for the treatment of COVID-19. It also provides inflammation and immunology products, such as Xeljanz, Enbrel, Cibinqo, Litfulo, Eucrisa, and Velsipity; rare disease products for therapeutic areas comprising amyloidosis, hemophilia, and endocrine diseases under the Vyndaqel family, Genotropin, BeneFIX, Xyntha, Somavert, Ngenla, and Hympavzi brands; and anti-infective and immunoglobulin medicines under the Zavicefta, Octagam, and Panzyga brands. In addition, the company offers oncology products comprising ADCs, small molecules, bispecific, and other immunotherapies for the treatment of cancers, including breast cancer, genitourinary cancer, and hematologic malignancies, as well as melanoma, gastrointestinal, gynecological, and lung cancer under the Ibrance, Xtandi, Padcev, Adcetris, Inlyta, Lorbrena, Bosulif, Tukysa, Braftovi, Mektovi, Orgovyx, Elrexfio, Tivdak, and Talzenna brands. Further, it provides biosimilars under the Inflectra brand; oncology biosimilars comprising Retacrit, Ruxience, Zirabev, Trazimera and Nivestym, and other biosimilars; and sterile injectables, such as Sulperazon, Atgam, Fragmin, Solu Medrol, Solu Cortef, and Bicillin. The company has collaboration agreements with Bristol-Myers Squibb Company; Astellas Pharma US, Inc.; Merck KGaA; and BioNTech SE, as well as a strategic collaboration with Boltz, PBC to develop and deploy biomolecular AI foundation models. Pfizer Inc. was founded in 1849 and is headquartered in New York, New York."
1274,PFE,fullTimeEmployees,75000
1275,PFE,companyOfficers,"[{'maxAge': 1, 'name': 'Dr. Albert  Bourla D.V.M., Ph.D.', 'age': 63, 'title': 'Chairman of the Board & CEO', 'yearBorn': 1962, 'fiscalYear': 2025, 'totalPay': 9140441, 'exercisedValue': 1641272, 'unexercisedValue': 0}, {'maxAge': 1, 'name': 'Mr. David M. Denton', 'age': 60, 'title': 'Executive VP & CFO', 'yearBorn': 1965, 'fiscalYear': 2025, 'totalPay': 4802804, 'exercisedValue': 0, 'unexercisedValue': 0}, {'maxAge': 1, 'name': 'Dr. Chris  Boshoff FMedSci, M.D., Ph.D.', 'age': 61, 'title': 'Chief Scientific Officer and President of Research & Development', 'yearBorn': 1964, 'fiscalYear': 2025, 'totalPay': 5198006, 'exercisedValue': 24800, 'unexercisedValue': 0}, {'maxAge': 1, 'name': 'Mr. Douglas M. Lankler', 'age': 59, 'title': 'Executive VP & Chief Legal Officer', 'yearBorn': 1966, 'fiscalYear': 2025, 'totalPay': 4622375, 'exercisedValue': 503278, 'unexercisedValue': 0}, {'maxAge': 1, 'name': 'Mr. Aamir  Malik', 'age': 49, 'title': 'Executive VP & Chief U.S. Commercial Officer', 'yearBorn': 1976, 'fiscalYear': 2025, 'totalPay': 4898062, 'exercisedValue': 0, 'unexercisedValue': 0}, {'maxAge': 1, 'name': 'Ms. Jennifer B. Damico', 'age': 56, 'title': 'Senior VP, Controller & Principal Accounting Officer', 'yearBorn': 1969, 'fiscalYear': 2025, 'exercisedValue': 0, 'unexercisedValue': 0}, {'maxAge': 1, 'name': 'Mr. Dennis P. Hancock', 'title': 'Executive VP & Chief Information Officer', 'fiscalYear': 2025, 'exercisedValue': 0, 'unexercisedValue': 0}, {'maxAge': 1, 'name': 'Ms. Francesca M. DeMartino', 'title': 'Chief Investor Relations Officer', 'fiscalYear': 2025, 'exercisedValue': 0, 'unexercisedValue': 0}, {'maxAge': 1, 'name': 'Ms. Payal Sahni Becher', 'age': 50, 'title': 'Chief People Experience Officer & Executive VP', 'yearBorn': 1975, 'fiscalYear': 2025, 'exercisedValue': 0, 'unexercisedValue': 0}, {'maxAge': 1, 'name': 'Dr. Michael S. Vincent M.D., Ph.D.', 'title': 'Senior VP and Chief Scientific Officer of Inflammation & Immunology', 'fiscalYear': 2025, 'exercisedValue': 0, 'unexercisedValue': 0}]"
1276,PFE,auditRisk,7
1277,PFE,boardRisk,7
1278,PFE,compensationRisk,9
1279,PFE,shareHolderRightsRisk,1
1280,PFE,overallRisk,7
1281,PFE,governanceEpochDate,1785542400
1282,PFE,compensationAsOfEpochDate,1767139200
1283,PFE,irWebsite,http://www.pfizer.com/investors/
1284,PFE,executiveTeam,[]
1285,PFE,maxAge,86400
1286,PFE,priceHint,2
1287,PFE,previousClose,24.91
1288,PFE,open,24.82
1289,PFE,dayLow,24.67
1290,PFE,dayHigh,25.18
1291,PFE,regularMarketPreviousClose,24.91
1292,PFE,regularMarketOpen,24.82
1293,PFE,regularMarketDayLow,24.67
1294,PFE,regularMarketDayHigh,25.18
1295,PFE,dividendRate,1.72
1296,PFE,dividendYield,6.88
1297,PFE,exDividendDate,1784851200
1298,PFE,payoutRatio,1.3130001
1299,PFE,fiveYearAvgDividendYield,5.16
1300,PFE,beta,0.307
1301,PFE,trailingPE,19.091604
1302,PFE,forwardPE,8.848023
1303,PFE,volume,33906387
1304,PFE,regularMarketVolume,33906387
1305,PFE,averageVolume,41508525
1306,PFE,averageVolume10days,36748620
1307,PFE,averageDailyVolume10Day,36748620
1308,PFE,bid,25.03
1309,PFE,ask,25.11
1310,PFE,bidSize,8800
1311,PFE,askSize,8200
1312,PFE,marketCap,142543093760
1313,PFE,nonDilutedMarketCap,142543098666
1314,PFE,fiftyTwoWeekLow,23.4
1315,PFE,fiftyTwoWeekHigh,28.75
1316,PFE,allTimeHigh,61.71
1317,PFE,allTimeLow,0.427439
1318,PFE,priceToSalesTrailing12Months,2.251332
1319,PFE,fiftyDayAverage,25.0848
1320,PFE,twoHundredDayAverage,25.83115
1321,PFE,trailingAnnualDividendRate,1.72
1322,PFE,trailingAnnualDividendYield,0.069048576
1323,PFE,currency,USD
1324,PFE,tradeable,False
1325,PFE,enterpriseValue,194496102400
1326,PFE,profitMargins,0.118310004
1327,PFE,floatShares,5691578936
1328,PFE,sharesOutstanding,5699444169
1329,PFE,sharesShort,163820439
1330,PFE,sharesShortPriorMonth,162075723
1331,PFE,sharesShortPreviousMonthDate,1781481600
1332,PFE,dateShortInterest,1784073600
1333,PFE,sharesPercentSharesOut,0.0287
1334,PFE,heldPercentInsiders,0.00098
1335,PFE,heldPercentInstitutions,0.69547
1336,PFE,shortRatio,3.21
1337,PFE,shortPercentOfFloat,0.0287
1338,PFE,impliedSharesOutstanding,5699444169
1339,PFE,bookValue,15.81
1340,PFE,priceToBook,1.5819101
1341,PFE,lastFiscalYearEnd,1767139200
1342,PFE,nextFiscalYearEnd,1798675200
1343,PFE,mostRecentQuarter,1774742400
1344,PFE,earningsQuarterlyGrowth,-0.094
1345,PFE,netIncomeToCommon,7479000064
1346,PFE,trailingEps,1.31
1347,PFE,forwardEps,2.82662
1348,PFE,pegRatio,2.96
1349,PFE,lastSplitFactor,1054:1000
1350,PFE,lastSplitDate,1605571200
1351,PFE,enterpriseToRevenue,3.072
1352,PFE,enterpriseToEbitda,7.639
1353,PFE,52WeekChange,0.0628984
1354,PFE,SandP52WeekChange,0.18322134
1355,PFE,lastDividendValue,0.43
1356,PFE,lastDividendDate,1784851200
1357,PFE,quoteType,EQUITY
1358,PFE,currentPrice,25.01
1359,PFE,targetHighPrice,35.46
1360,PFE,targetLowPrice,24.0
1361,PFE,targetMeanPrice,28.74846
1362,PFE,targetMedianPrice,28.0
1363,PFE,recommendationMean,2.46429
1364,PFE,recommendationKey,buy
1365,PFE,numberOfAnalystOpinions,26
1366,PFE,totalCash,13080999936
1367,PFE,totalCashPerShare,2.295
1368,PFE,ebitda,25460000768
1369,PFE,totalDebt,64731000832
1370,PFE,quickRatio,0.852
1371,PFE,currentRatio,1.247
1372,PFE,totalRevenue,63315001344
1373,PFE,debtToEquity,71.602
1374,PFE,revenuePerShare,11.133
1375,PFE,returnOnAssets,0.05687
1376,PFE,returnOnEquity,0.083100006
1377,PFE,grossProfits,47360000000
1378,PFE,freeCashflow,12376625152
1379,PFE,operatingCashflow,11984000000
1380,PFE,earningsGrowth,-0.101
1381,PFE,revenueGrowth,0.054
1382,PFE,grossMargins,0.74801004
1383,PFE,ebitdaMargins,0.40212002
1384,PFE,operatingMargins,0.31617
1385,PFE,financialCurrency,USD
1386,PFE,symbol,PFE
1387,PFE,language,en-US
1388,PFE,region,US
1389,PFE,typeDisp,Equity
1390,PFE,quoteSourceName,Nasdaq Real Time Price
1391,PFE,triggerable,True
1392,PFE,customPriceAlertConfidence,HIGH
1393,PFE,cryptoTradeable,False
1394,PFE,hasPrePostMarketData,True
1395,PFE,firstTradeDateMilliseconds,76253400000
1396,PFE,postMarketChangePercent,0.119954765
1397,PFE,postMarketPrice,25.04
1398,PFE,postMarketChange,0.030000687
1399,PFE,regularMarketChange,0.1
1400,PFE,regularMarketDayRange,24.67 - 25.18
1401,PFE,fullExchangeName,NYSE
1402,PFE,averageDailyVolume3Month,41508525
1403,PFE,fiftyTwoWeekLowChange,1.6100006
1404,PFE,fiftyTwoWeekLowChangePercent,0.068803445
1405,PFE,fiftyTwoWeekRange,23.4 - 28.75
1406,PFE,fiftyTwoWeekHighChange,-3.7399998
1407,PFE,fiftyTwoWeekHighChangePercent,-0.13008694
1408,PFE,fiftyTwoWeekChangePercent,6.2898397
1409,PFE,dividendDate,1788220800
1410,PFE,earningsTimestamp,1785846600
1411,PFE,earningsTimestampStart,1785846600
1412,PFE,earningsTimestampEnd,1785846600
1413,PFE,earningsCallTimestampStart,1785873600
1414,PFE,earningsCallTimestampEnd,1785873600
1415,PFE,isEarningsDateEstimate,False
1416,PFE,epsTrailingTwelveMonths,1.31
1417,PFE,epsForward,2.82662
1418,PFE,epsCurrentYear,2.94476
1419,PFE,priceEpsCurrentYear,8.493052
1420,PFE,fiftyDayAverageChange,-0.07480049
1421,PFE,fiftyDayAverageChangePercent,-0.002981905
1422,PFE,twoHundredDayAverageChange,-0.8211498
1423,PFE,twoHundredDayAverageChangePercent,-0.03178913
1424,PFE,sourceInterval,15
1425,PFE,exchangeDataDelayedBy,0
1426,PFE,averageAnalystRating,2.5 - Buy
1427,PFE,corporateActions,[]
1428,PFE,postMarketTime,1785542370
1429,PFE,regularMarketTime,1785528109
1430,PFE,exchange,NYQ
1431,PFE,messageBoardId,finmb_162270
1432,PFE,exchangeTimezoneName,America/New_York
1433,PFE,exchangeTimezoneShortName,EDT
1434,PFE,gmtOffSetMilliseconds,-14400000
1435,PFE,market,us_market
1436,PFE,esgPopulated,False
1437,PFE,shortName,"Pfizer, Inc."
1438,PFE,longName,Pfizer Inc.
1439,PFE,marketState,CLOSED
1440,PFE,regularMarketChangePercent,0.401447
1441,PFE,regularMarketPrice,25.01
1442,PFE,displayName,Pfizer
1443,PFE,trailingPegRatio,2.9434
1444,UNH,address1,1 Health Drive
1445,UNH,city,Eden Prairie
1446,UNH,state,MN
1447,UNH,zip,55344
1448,UNH,country,United States
1449,UNH,phone,(800)-328-5979
1450,UNH,website,https://www.unitedhealthgroup.com
1451,UNH,industry,Healthcare Plans
1452,UNH,industryKey,healthcare-plans
1453,UNH,industryDisp,Healthcare Plans
1454,UNH,sector,Healthcare
1455,UNH,sectorKey,healthcare
1456,UNH,sectorDisp,Healthcare
1457,UNH,longBusinessSummary,"UnitedHealth Group Incorporated operates as a health care company in the United States and internationally. It operates through four segments: Optum Health, Optum Insight, Optum Rx; and UnitedHealthcare. The Optum Health segment provides care delivery, care management, wellness and consumer engagement, and health financial services with patients, consumers, care delivery systems, providers, employers, payers, and public-sector entities. The Optum Insight segment offers software and information products, advisory consulting arrangements, and managed services outsourcing contracts to hospital systems, physicians, health plans, public entities, life sciences companies and other organizations. The Optum Rx segment provides pharmacy care services and programs, including retail network contracting, home delivery, specialty and community health pharmacy services, infusion, and purchasing and clinical capabilities, as well as develops programs in the areas of step therapy, formulary management, drug adherence, and disease and drug therapy management. The UnitedHealthcare segment offers consumer-oriented health benefit plans and services for national employers, public sector employers, mid-sized employers, small businesses, and individuals; Medicaid plans, including Temporary Assistance to Needy Families; Children's Health Insurance Programs; Dual SNPs; Long-Term Services and Supports; Aged, Blind and Disabled; and other federal, state, and community health care programs. and health care benefits products and services to state programs caring for the economically disadvantaged, medically underserved, and those without the benefit of employer-funded health care coverage. UnitedHealth Group Incorporated was founded in 1974 and is based in Eden Prairie, Minnesota."
1458,UNH,fullTimeEmployees,390000
1459,UNH,companyOfficers,"[{'maxAge': 1, 'name': 'Mr. Stephen J. Hemsley', 'age': 72, 'title': 'CEO & Non-Independent Non-Executive Chairman', 'yearBorn': 1953, 'fiscalYear': 2025, 'totalPay': 1282348, 'exercisedValue': 0, 'unexercisedValue': 0}, {'maxAge': 1, 'name': 'Mr. Wayne Scott DeVeydt', 'age': 55, 'title': 'Chief Financial Officer', 'yearBorn': 1970, 'fiscalYear': 2025, 'totalPay': 3082209, 'exercisedValue': 0, 'unexercisedValue': 0}, {'maxAge': 1, 'name': 'Mr. Christopher R. Zaetta', 'age': 53, 'title': 'Executive VP, Chief Legal Officer & Corporate Secretary', 'yearBorn': 1972, 'fiscalYear': 2025, 'totalPay': 1791462, 'exercisedValue': 0, 'unexercisedValue': 15435}, {'maxAge': 1, 'name': 'Mr. Timothy John Noel', 'age': 53, 'title': 'Chief Executive Officer of UnitedHealthcare Business', 'yearBorn': 1972, 'fiscalYear': 2025, 'totalPay': 3201161, 'exercisedValue': 0, 'unexercisedValue': 93891}, {'maxAge': 1, 'name': 'Dr. Patrick Hugh Conway M.D., M.Sc.', 'age': 50, 'title': 'Chief Executive Officer of Optum', 'yearBorn': 1975, 'fiscalYear': 2025, 'totalPay': 2921605, 'exercisedValue': 0, 'unexercisedValue': 115656}, {'maxAge': 1, 'name': 'Mr. Dennis  Stankiewicz', 'age': 47, 'title': 'Chief Accounting Officer & Corporate Controller', 'yearBorn': 1978, 'fiscalYear': 2025, 'exercisedValue': 0, 'unexercisedValue': 0}, {'maxAge': 1, 'name': 'Mr. Sandeep  Dadlani', 'age': 50, 'title': 'Executive VP and Chief Digital & Technology Officer', 'yearBorn': 1975, 'fiscalYear': 2025, 'exercisedValue': 0, 'unexercisedValue': 0}, {'maxAge': 1, 'name': 'Mr. Zachary William Sopcak', 'title': 'Senior Vice President of Capital Markets Communications & Investor Relations', 'fiscalYear': 2025, 'exercisedValue': 0, 'unexercisedValue': 0}, {'maxAge': 1, 'name': 'Ms. Erin L.  McSweeney J.D.', 'age': 60, 'title': 'Executive VP & Chief People Officer', 'yearBorn': 1965, 'fiscalYear': 2025, 'totalPay': 1767835, 'exercisedValue': 0, 'unexercisedValue': 3488965}, {'maxAge': 1, 'name': 'Dr. Richard J. Migliori M.D.', 'age': 68, 'title': 'Executive Vice President & Senior Advisor', 'yearBorn': 1957, 'fiscalYear': 2025, 'exercisedValue': 0, 'unexercisedValue': 0}]"
1460,UNH,auditRisk,10
1461,UNH,boardRisk,9
1462,UNH,compensationRisk,9
1463,UNH,shareHolderRightsRisk,1
1464,UNH,overallRisk,9
1465,UNH,governanceEpochDate,1785542400
1466,UNH,compensationAsOfEpochDate,1767139200
1467,UNH,executiveTeam,[]
1468,UNH,maxAge,86400
1469,UNH,priceHint,2
1470,UNH,previousClose,421.47
1471,UNH,open,422.0
1472,UNH,dayLow,414.06
1473,UNH,dayHigh,422.65
1474,UNH,regularMarketPreviousClose,421.47
1475,UNH,regularMarketOpen,422.0
1476,UNH,regularMarketDayLow,414.06
1477,UNH,regularMarketDayHigh,422.65
1478,UNH,dividendRate,9.28
1479,UNH,dividendYield,2.24
1480,UNH,exDividendDate,1781481600
1481,UNH,payoutRatio,0.6657
1482,UNH,fiveYearAvgDividendYield,1.65
1483,UNH,beta,0.633
1484,UNH,trailingPE,31.251884
1485,UNH,forwardPE,18.470776
1486,UNH,volume,2755262
1487,UNH,regularMarketVolume,2755262
1488,UNH,averageVolume,6452729
1489,UNH,averageVolume10days,4786190
1490,UNH,averageDailyVolume10Day,4786190
1491,UNH,bid,414.1
1492,UNH,ask,414.4
1493,UNH,bidSize,40
1494,UNH,askSize,200
1495,UNH,marketCap,376335040512
1496,UNH,nonDilutedMarketCap,376335041017
1497,UNH,fiftyTwoWeekLow,236.95
1498,UNH,fiftyTwoWeekHigh,461.62
1499,UNH,allTimeHigh,630.73
1500,UNH,allTimeLow,0.082031
1501,UNH,priceToSalesTrailing12Months,0.8360604
1502,UNH,fiftyDayAverage,410.1638
1503,UNH,twoHundredDayAverage,344.69156
1504,UNH,trailingAnnualDividendRate,4.42
1505,UNH,trailingAnnualDividendYield,0.010487105
1506,UNH,currency,USD
1507,UNH,tradeable,False
1508,UNH,enterpriseValue,418742403072
1509,UNH,profitMargins,0.03137
1510,UNH,floatShares,903291060
1511,UNH,sharesOutstanding,908144404
1512,UNH,sharesShort,17338297
1513,UNH,sharesShortPriorMonth,17174473
1514,UNH,sharesShortPreviousMonthDate,1781481600
1515,UNH,dateShortInterest,1784073600
1516,UNH,sharesPercentSharesOut,0.0191
1517,UNH,heldPercentInsiders,0.0023999999
1518,UNH,heldPercentInstitutions,0.8614
1519,UNH,shortRatio,2.88
1520,UNH,shortPercentOfFloat,0.021300001
1521,UNH,impliedSharesOutstanding,908144404
1522,UNH,bookValue,115.357
1523,UNH,priceToBook,3.5923264
1524,UNH,lastFiscalYearEnd,1767139200
1525,UNH,nextFiscalYearEnd,1798675200
1526,UNH,mostRecentQuarter,1782777600
1527,UNH,earningsQuarterlyGrowth,0.61
1528,UNH,netIncomeToCommon,14122000384
1529,UNH,trailingEps,13.26
1530,UNH,forwardEps,22.43544
1531,UNH,pegRatio,1.34
1532,UNH,lastSplitFactor,2:1
1533,UNH,lastSplitDate,1117497600
1534,UNH,enterpriseToRevenue,0.93
1535,UNH,enterpriseToEbitda,17.26
1536,UNH,52WeekChange,0.7196448
1537,UNH,SandP52WeekChange,0.18322134
1538,UNH,lastDividendValue,2.32
1539,UNH,lastDividendDate,1781481600
1540,UNH,quoteType,EQUITY
1541,UNH,currentPrice,414.4
1542,UNH,targetHighPrice,529.0
1543,UNH,targetLowPrice,313.0
1544,UNH,targetMeanPrice,475.23077
1545,UNH,targetMedianPrice,490.0
1546,UNH,recommendationMean,1.59259
1547,UNH,recommendationKey,buy
1548,UNH,numberOfAnalystOpinions,26
1549,UNH,totalCash,31467999232
1550,UNH,totalCashPerShare,34.733
1551,UNH,ebitda,24260999168
1552,UNH,totalDebt,73328001024
1553,UNH,quickRatio,0.474
1554,UNH,currentRatio,0.777
1555,UNH,totalRevenue,450129002496
1556,UNH,debtToEquity,69.211
1557,UNH,revenuePerShare,497.38
1558,UNH,returnOnAssets,0.04382
1559,UNH,returnOnEquity,0.14152999
1560,UNH,grossProfits,87838998528
1561,UNH,freeCashflow,22759749632
1562,UNH,operatingCashflow,27017000960
1563,UNH,earningsGrowth,0.615
1564,UNH,revenueGrowth,0.004
1565,UNH,grossMargins,0.19514
1566,UNH,ebitdaMargins,0.0539
1567,UNH,operatingMargins,0.071329996
1568,UNH,financialCurrency,USD
1569,UNH,symbol,UNH
1570,UNH,language,en-US
1571,UNH,region,US
1572,UNH,typeDisp,Equity
1573,UNH,quoteSourceName,Nasdaq Real Time Price
1574,UNH,triggerable,True
1575,UNH,customPriceAlertConfidence,HIGH
1576,UNH,postMarketTime,1785542391
1577,UNH,regularMarketTime,1785528002
1578,UNH,exchange,NYQ
1579,UNH,messageBoardId,finmb_104673
1580,UNH,exchangeTimezoneName,America/New_York
1581,UNH,exchangeTimezoneShortName,EDT
1582,UNH,gmtOffSetMilliseconds,-14400000
1583,UNH,market,us_market
1584,UNH,esgPopulated,False
1585,UNH,regularMarketChangePercent,-1.67746
1586,UNH,regularMarketPrice,414.4
1587,UNH,shortName,UnitedHealth Group Incorporated
1588,UNH,longName,UnitedHealth Group Incorporated
1589,UNH,hasPrePostMarketData,True
1590,UNH,firstTradeDateMilliseconds,466867800000
1591,UNH,postMarketChangePercent,-0.026540868
1592,UNH,postMarketPrice,414.29
1593,UNH,postMarketChange,-0.10998535
1594,UNH,regularMarketChange,-7.07001
1595,UNH,regularMarketDayRange,414.06 - 422.65
1596,UNH,fullExchangeName,NYSE
1597,UNH,averageDailyVolume3Month,6452729
1598,UNH,fiftyTwoWeekLowChange,177.45
1599,UNH,fiftyTwoWeekLowChangePercent,0.7488922
1600,UNH,fiftyTwoWeekRange,236.95 - 461.62
1601,UNH,fiftyTwoWeekHighChange,-47.22
1602,UNH,fiftyTwoWeekHighChangePercent,-0.102291934
1603,UNH,fiftyTwoWeekChangePercent,71.96448
1604,UNH,dividendDate,1782172800
1605,UNH,earningsTimestamp,1784205000
1606,UNH,earningsTimestampStart,1793104200
1607,UNH,earningsTimestampEnd,1793104200
1608,UNH,earningsCallTimestampStart,1784203200
1609,UNH,earningsCallTimestampEnd,1784203200
1610,UNH,isEarningsDateEstimate,False
1611,UNH,epsTrailingTwelveMonths,13.26
1612,UNH,epsForward,22.43544
1613,UNH,epsCurrentYear,19.8121
1614,UNH,priceEpsCurrentYear,20.916512
1615,UNH,fiftyDayAverageChange,4.236206
1616,UNH,fiftyDayAverageChangePercent,0.010328084
1617,UNH,twoHundredDayAverageChange,69.708435
1618,UNH,twoHundredDayAverageChangePercent,0.20223424
1619,UNH,sourceInterval,15
1620,UNH,exchangeDataDelayedBy,0
1621,UNH,averageAnalystRating,1.6 - Buy
1622,UNH,cryptoTradeable,False
1623,UNH,marketState,CLOSED
1624,UNH,corporateActions,[]
1625,UNH,trailingPegRatio,1.2762
1626,PG,address1,One Procter & Gamble Plaza
1627,PG,city,Cincinnati
1628,PG,state,OH
1629,PG,zip,45202
1630,PG,country,United States
1631,PG,phone,513 983 1100
1632,PG,website,https://www.pginvestor.com
1633,PG,industry,Household & Personal Products
1634,PG,industryKey,household-personal-products
1635,PG,industryDisp,Household & Personal Products
1636,PG,sector,Consumer Defensive
1637,PG,sectorKey,consumer-defensive
1638,PG,sectorDisp,Consumer Defensive
1639,PG,longBusinessSummary,"The Procter & Gamble Company provides branded consumer packaged goods worldwide. It operates through Beauty; Grooming; Health Care; Fabric & Home Care; and Baby, Feminine & Family Care segments. The company offers conditioners, shampoos, styling aids, and treatments under the Head & Shoulders, Herbal Essences, Pantene, and Rejoice brands; antiperspirants, deodorants, and personal cleansing products under the Native, Old Spice, Safeguard, and Secret brands; and facial moisturizers, cleaners, and treatments under the Olay and SK-II brands. It also provides blades, razors, shave products, appliances, and other grooming products under the Braun, Gillette, and Venus brands. In addition, the company offers toothbrushes, toothpastes, and other oral care products under the Crest and Oral-B brands; and gastrointestinal, pain relief, rapid diagnostics, respiratory, vitamins/minerals/supplements, and other personal health care products under the Metamucil, Neurobion, Pepto-Bismol, and Vicks brands. Further, it provides fabric enhancers, and laundry additives and detergents under the Ariel, Downy, Gain, and Tide brands; and air and dish care, P&G professional, and surface care under the Cascade, Dawn, Fairy, Febreze, Mr. Clean, and Swiffer brands. Additionally, the company offers baby wipes, and taped diapers and pants under the Luvs and Pampers brands; adult incontinence and menstrual care products under the Always, Always Discreet, and Tampax brands; and paper towels, tissues, and toilet papers under the Bounty, Charmin, and Puffs brands. It sells its products through mass merchandisers, social and e-commerce channels, grocery and specialty beauty stores, membership club stores, drug and department stores, distributors, wholesalers, airport duty-free and high-frequency stores, pharmacies, electronics stores, and professional channels, as well as directly to consumers. The Procter & Gamble Company was founded in 1837 and is headquartered in Cincinnati, Ohio."
1640,PG,companyOfficers,"[{'maxAge': 1, 'name': 'Mr. Andre  Schulten', 'age': 54, 'title': 'Chief Financial Officer', 'yearBorn': 1971, 'fiscalYear': 2025, 'totalPay': 1824131, 'exercisedValue': 0, 'unexercisedValue': 6001604}, {'maxAge': 1, 'name': 'Mr. Sundar G. Raman', 'age': 50, 'title': 'CEO of Fabric, Home & Habitat Care and Executive Sponsor for Corporate Sustainability', 'yearBorn': 1975, 'fiscalYear': 2025, 'totalPay': 2731833, 'exercisedValue': 0, 'unexercisedValue': 7282699}, {'maxAge': 1, 'name': 'Mr. Matthew W. Janzaruk', 'age': 51, 'title': 'Senior VP & Chief Accounting Officer', 'yearBorn': 1974, 'fiscalYear': 2025, 'exercisedValue': 0, 'unexercisedValue': 0}, {'maxAge': 1, 'name': 'Mr. Seth  Cohen', 'title': 'Chief Information Officer', 'fiscalYear': 2025, 'exercisedValue': 0, 'unexercisedValue': 0}, {'maxAge': 1, 'name': 'Mr. John T. Chevalier', 'title': 'Senior Vice President of Investor Relations', 'fiscalYear': 2025, 'exercisedValue': 0, 'unexercisedValue': 0}, {'maxAge': 1, 'name': 'Ms. Susan Street Whaley', 'age': 51, 'title': 'Chief Legal Officer & Secretary', 'yearBorn': 1974, 'fiscalYear': 2025, 'exercisedValue': 0, 'unexercisedValue': 0}, {'maxAge': 1, 'name': 'Mr. Damon D. Jones', 'age': 49, 'title': 'Chief Communications Officer', 'yearBorn': 1976, 'fiscalYear': 2025, 'exercisedValue': 0, 'unexercisedValue': 0}, {'maxAge': 1, 'name': 'Ms. Melinda  Sherwood', 'age': 58, 'title': 'President of North America & Chief Sales Officer', 'yearBorn': 1967, 'fiscalYear': 2025, 'exercisedValue': 0, 'unexercisedValue': 0}, {'maxAge': 1, 'name': 'Mr. Balaji  Purushothaman', 'age': 56, 'title': 'Chief Human Resources Officer', 'yearBorn': 1969, 'fiscalYear': 2025, 'totalPay': 3393328, 'exercisedValue': 2496955, 'unexercisedValue': 8044875}, {'maxAge': 1, 'name': 'Mr. Marc S. Pritchard', 'age': 65, 'title': 'Chief Brand Officer', 'yearBorn': 1960, 'fiscalYear': 2025, 'exercisedValue': 0, 'unexercisedValue': 0}]"
1641,PG,auditRisk,8
1642,PG,boardRisk,5
1643,PG,compensationRisk,1
1644,PG,shareHolderRightsRisk,5
1645,PG,overallRisk,3
1646,PG,governanceEpochDate,1785542400
1647,PG,compensationAsOfEpochDate,1767139200
1648,PG,irWebsite,http://www.pg.com/en_US/investors/index.shtml
1649,PG,executiveTeam,[]
1650,PG,maxAge,86400
1651,PG,priceHint,2
1652,PG,previousClose,143.96
1653,PG,open,143.51
1654,PG,dayLow,141.46
1655,PG,dayHigh,144.7
1656,PG,regularMarketPreviousClose,143.96
1657,PG,regularMarketOpen,143.51
1658,PG,regularMarketDayLow,141.46
1659,PG,regularMarketDayHigh,144.7
1660,PG,dividendRate,4.35
1661,PG,dividendYield,3.01
1662,PG,exDividendDate,1784851200
1663,PG,payoutRatio,0.6433
1664,PG,fiveYearAvgDividendYield,2.49
1665,PG,beta,0.38
1666,PG,trailingPE,21.826284
1667,PG,forwardPE,19.499063
1668,PG,volume,6781320
1669,PG,regularMarketVolume,6781320
1670,PG,averageVolume,8886329
1671,PG,averageVolume10days,8479090
1672,PG,averageDailyVolume10Day,8479090
1673,PG,bid,144.35
1674,PG,ask,144.2
1675,PG,bidSize,300
1676,PG,askSize,200
1677,PG,marketCap,336459300864
1678,PG,nonDilutedMarketCap,336459266331
1679,PG,fiftyTwoWeekLow,137.62
1680,PG,fiftyTwoWeekHigh,167.25
1681,PG,allTimeHigh,180.43
1682,PG,allTimeLow,0.880859
1683,PG,priceToSalesTrailing12Months,3.8659265
1684,PG,fiftyDayAverage,147.3326
1685,PG,twoHundredDayAverage,148.04836
1686,PG,trailingAnnualDividendRate,4.259
1687,PG,trailingAnnualDividendYield,0.029584603
1688,PG,currency,USD
1689,PG,tradeable,False
1690,PG,enterpriseValue,367811297280
1691,PG,profitMargins,0.18437
1692,PG,floatShares,2373701688
1693,PG,sharesOutstanding,2328598978
1694,PG,sharesShort,23118701
1695,PG,sharesShortPriorMonth,24765080
1696,PG,sharesShortPreviousMonthDate,1781481600
1697,PG,dateShortInterest,1784073600
1698,PG,sharesPercentSharesOut,0.0099
1699,PG,heldPercentInsiders,0.0007
1700,PG,heldPercentInstitutions,0.71779996
1701,PG,shortRatio,2.34
1702,PG,shortPercentOfFloat,0.0099
1703,PG,impliedSharesOutstanding,2328598978
1704,PG,bookValue,23.081
1705,PG,priceToBook,6.260128
1706,PG,lastFiscalYearEnd,1782777600
1707,PG,nextFiscalYearEnd,1814313600
1708,PG,mostRecentQuarter,1782777600
1709,PG,earningsQuarterlyGrowth,-0.158
1710,PG,netIncomeToCommon,16046000128
1711,PG,trailingEps,6.62
1712,PG,forwardEps,7.4101
1713,PG,pegRatio,4.1
1714,PG,lastSplitFactor,2:1
1715,PG,lastSplitDate,1087776000
1716,PG,enterpriseToRevenue,4.226
1717,PG,enterpriseToEbitda,15.548
1718,PG,52WeekChange,-0.04158926
1719,PG,SandP52WeekChange,0.18322134
1720,PG,lastDividendValue,1.089
1721,PG,lastDividendDate,1784851200
1722,PG,quoteType,EQUITY
1723,PG,currentPrice,144.49
1724,PG,targetHighPrice,186.0
1725,PG,targetLowPrice,145.0
1726,PG,targetMeanPrice,161.0
1727,PG,targetMedianPrice,162.0
1728,PG,recommendationMean,2.12
1729,PG,recommendationKey,buy
1730,PG,numberOfAnalystOpinions,23
1731,PG,totalCash,9941999616
1732,PG,totalCashPerShare,4.181
1733,PG,ebitda,23657000960
1734,PG,totalDebt,34137999360
1735,PG,quickRatio,0.413
1736,PG,currentRatio,0.677
1737,PG,totalRevenue,87031996416
1738,PG,debtToEquity,62.857
1739,PG,revenuePerShare,36.611
1740,PG,returnOnAssets,0.10177
1741,PG,returnOnEquity,0.30290002
1742,PG,grossProfits,44105998336
1743,PG,freeCashflow,12842500096
1744,PG,operatingCashflow,19555999744
1745,PG,earningsGrowth,-0.148
1746,PG,revenueGrowth,0.015
1747,PG,grossMargins,0.50678
1748,PG,ebitdaMargins,0.27181998
1749,PG,operatingMargins,0.19534999
1750,PG,financialCurrency,USD
1751,PG,symbol,PG
1752,PG,language,en-US
1753,PG,region,US
1754,PG,typeDisp,Equity
1755,PG,quoteSourceName,Nasdaq Real Time Price
1756,PG,triggerable,True
1757,PG,customPriceAlertConfidence,HIGH
1758,PG,fiftyDayAverageChangePercent,-0.019293696
1759,PG,twoHundredDayAverageChange,-3.5583496
1760,PG,twoHundredDayAverageChangePercent,-0.02403505
1761,PG,sourceInterval,15
1762,PG,exchangeDataDelayedBy,0
1763,PG,averageAnalystRating,2.1 - Buy
1764,PG,cryptoTradeable,False
1765,PG,corporateActions,[]
1766,PG,postMarketTime,1785542136
1767,PG,regularMarketTime,1785528160
1768,PG,exchange,NYQ
1769,PG,messageBoardId,finmb_33328
1770,PG,exchangeTimezoneName,America/New_York
1771,PG,exchangeTimezoneShortName,EDT
1772,PG,gmtOffSetMilliseconds,-14400000
1773,PG,market,us_market
1774,PG,esgPopulated,False
1775,PG,marketState,CLOSED
1776,PG,shortName,Procter & Gamble Company (The)
1777,PG,longName,The Procter & Gamble Company
1778,PG,regularMarketChangePercent,0.368157
1779,PG,regularMarketPrice,144.49
1780,PG,hasPrePostMarketData,True
1781,PG,firstTradeDateMilliseconds,-252322200000
1782,PG,postMarketChangePercent,-0.096892096
1783,PG,postMarketPrice,144.35
1784,PG,postMarketChange,-0.13999939
1785,PG,regularMarketChange,0.529999
1786,PG,regularMarketDayRange,141.46 - 144.7
1787,PG,fullExchangeName,NYSE
1788,PG,averageDailyVolume3Month,8886329
1789,PG,fiftyTwoWeekLowChange,6.8700104
1790,PG,fiftyTwoWeekLowChangePercent,0.049920145
1791,PG,fiftyTwoWeekRange,137.62 - 167.25
1792,PG,fiftyTwoWeekHighChange,-22.759995
1793,PG,fiftyTwoWeekHighChangePercent,-0.13608368
1794,PG,fiftyTwoWeekChangePercent,-4.158926
1795,PG,dividendDate,1786924800
1796,PG,earningsTimestamp,1785328200
1797,PG,earningsTimestampStart,1792672200
1798,PG,earningsTimestampEnd,1792672200
1799,PG,earningsCallTimestampStart,1785328200
1800,PG,earningsCallTimestampEnd,1785328200
1801,PG,isEarningsDateEstimate,False
1802,PG,epsTrailingTwelveMonths,6.62
1803,PG,epsForward,7.4101
1804,PG,epsCurrentYear,7.02255
1805,PG,priceEpsCurrentYear,20.575148
1806,PG,fiftyDayAverageChange,-2.8425903
1807,PG,trailingPegRatio,5.5708
1808,WMT,address1,1 Customer Drive
1809,WMT,city,Bentonville
1810,WMT,state,AR
1811,WMT,zip,72716
1812,WMT,country,United States
1813,WMT,phone,479-273-4000
1814,WMT,website,https://www.stock.walmart.com
1815,WMT,industry,Discount Stores
1816,WMT,industryKey,discount-stores
1817,WMT,industryDisp,Discount Stores
1818,WMT,sector,Consumer Defensive
1819,WMT,sectorKey,consumer-defensive
1820,WMT,sectorDisp,Consumer Defensive
1821,WMT,longBusinessSummary,"Walmart Inc. engages in the operation of retail and wholesale stores and clubs, ecommerce websites, and mobile applications worldwide. The company operates through three segments: Walmart U.S., Walmart International, and Sam's Club U.S. It operates supercenters, supermarkets, warehouse clubs, cash and carry stores, and discount stores under Walmart and Walmart Neighborhood Market brands; membership-only warehouse clubs; and ecommerce websites, such as walmart.com.mx, walmart.ca, flipkart.com, PhonePe and other sites. It offers grocery items, including dry grocery, snacks, dairy, meat, produce, deli and bakery, frozen foods, alcoholic and nonalcoholic beverages, as well as consumables, such as health and beauty aids, pet supplies, household chemicals, paper goods, and baby products; and fuel and other categories. In addition, it is involved in the provision of health and wellness products covering pharmacy, optical and hearing services, over-the-counter drugs, and protein and nutrition products; and home, hardlines, and seasonal items, including home improvement, outdoor living, gardening, furniture, apparel, jewelry, tools and power equipment, housewares, toys, and mattresses. Further, the company offers consumer electronics and accessories, software, video games, office supplies, appliances, and third-party gift cards. Additionally, it operates digital payment platforms; offers financial services and related products, including money transfers, bill payments, money orders, check cashing, prepaid access, co-branded credit cards, installment lending, and earned wage access; and markets lines of merchandise under private and licensed brands. The company was formerly known as Wal-Mart Stores, Inc. and changed its name to Walmart Inc. in February 2018. Walmart Inc. was founded in 1945 and is based in Bentonville, Arkansas."
1822,WMT,fullTimeEmployees,2100000
1823,WMT,companyOfficers,"[{'maxAge': 1, 'name': 'Mr. John R. Furner', 'age': 50, 'title': 'President, CEO & Director', 'yearBorn': 1975, 'fiscalYear': 2026, 'totalPay': 4563578, 'exercisedValue': 0, 'unexercisedValue': 0}, {'maxAge': 1, 'name': 'Mr. John David Rainey Jr.', 'age': 55, 'title': 'Executive VP & CFO', 'yearBorn': 1970, 'fiscalYear': 2026, 'totalPay': 3389258, 'exercisedValue': 0, 'unexercisedValue': 0}, {'maxAge': 1, 'name': 'Mr. Suresh  Kumar Ph.D.', 'age': 60, 'title': 'Executive VP, Global CTO & Chief Development Officer', 'yearBorn': 1965, 'fiscalYear': 2026, 'totalPay': 3536455, 'exercisedValue': 0, 'unexercisedValue': 0}, {'maxAge': 1, 'name': 'Mr. C. Douglas McMillon', 'age': 59, 'title': 'Executive Officer', 'yearBorn': 1966, 'fiscalYear': 2026, 'totalPay': 5974047, 'exercisedValue': 0, 'unexercisedValue': 0}, {'maxAge': 1, 'name': 'Mr. Daniel  Danker', 'age': 44, 'title': 'Executive Vice President of AI Acceleration, Product & Design', 'yearBorn': 1981, 'fiscalYear': 2026, 'totalPay': 6391483, 'exercisedValue': 0, 'unexercisedValue': 0}, {'maxAge': 1, 'name': 'Mr. Dwayne M. Milum', 'age': 49, 'title': 'Senior VP, Controller & Principal Accounting Officer', 'yearBorn': 1976, 'fiscalYear': 2026, 'exercisedValue': 0, 'unexercisedValue': 0}, {'maxAge': 1, 'name': 'Ms. Stephanie  Wissink', 'title': 'Senior Vice President of Investor Relations', 'fiscalYear': 2026, 'exercisedValue': 0, 'unexercisedValue': 0}, {'maxAge': 1, 'name': 'Ms. Erin Nealy Cox J.D.', 'age': 55, 'title': 'Executive VP of Global Governance, Chief Legal Officer & Corporate Secretary', 'yearBorn': 1970, 'fiscalYear': 2026, 'exercisedValue': 0, 'unexercisedValue': 0}, {'maxAge': 1, 'name': 'Ms. Allyson  Park', 'title': 'Senior VP & Chief Communications Officer', 'fiscalYear': 2026, 'exercisedValue': 0, 'unexercisedValue': 0}, {'maxAge': 1, 'name': 'Ms. Donna Catherine Morris', 'age': 58, 'title': 'Executive VP & Chief People Officer', 'yearBorn': 1967, 'fiscalYear': 2026, 'exercisedValue': 0, 'unexercisedValue': 0}]"
1824,WMT,auditRisk,5
1825,WMT,boardRisk,8
1826,WMT,compensationRisk,7
1827,WMT,shareHolderRightsRisk,1
1828,WMT,overallRisk,3
1829,WMT,governanceEpochDate,1785542400
1830,WMT,compensationAsOfEpochDate,1798675200
1831,WMT,executiveTeam,[]
1832,WMT,maxAge,86400
1833,WMT,priceHint,2
1834,WMT,previousClose,111.1
1835,WMT,open,110.78
1836,WMT,dayLow,109.9
1837,WMT,dayHigh,111.9
1838,WMT,regularMarketPreviousClose,111.1
1839,WMT,regularMarketOpen,110.78
1840,WMT,regularMarketDayLow,109.9
1841,WMT,regularMarketDayHigh,111.9
1842,WMT,dividendRate,0.99
1843,WMT,dividendYield,0.89
1844,WMT,exDividendDate,1787270400
1845,WMT,payoutRatio,0.33540002
1846,WMT,fiveYearAvgDividendYield,1.26
1847,WMT,beta,0.603
1848,WMT,trailingPE,39.15493
1849,WMT,forwardPE,33.888493
1850,WMT,volume,22765331
1851,WMT,regularMarketVolume,22765331
1852,WMT,averageVolume,22947562
1853,WMT,averageVolume10days,22275710
1854,WMT,averageDailyVolume10Day,22275710
1855,WMT,bid,104.69
1856,WMT,ask,116.05
1857,WMT,bidSize,1
1858,WMT,askSize,1
1859,WMT,marketCap,884938375168
1860,WMT,nonDilutedMarketCap,884938402036
1861,WMT,fiftyTwoWeekLow,95.42
1862,WMT,fiftyTwoWeekHigh,135.16
1863,WMT,allTimeHigh,135.16
1864,WMT,allTimeLow,0.004801
1865,WMT,priceToSalesTrailing12Months,1.2200913
1866,WMT,fiftyDayAverage,115.6346
1867,WMT,twoHundredDayAverage,118.00465
1868,WMT,trailingAnnualDividendRate,0.953
1869,WMT,trailingAnnualDividendYield,0.008577858
1870,WMT,currency,USD
1871,WMT,tradeable,False
1872,WMT,enterpriseValue,956399419392
1873,WMT,profitMargins,0.03135
1874,WMT,floatShares,4374476531
1875,WMT,sharesOutstanding,7958079155
1876,WMT,sharesShort,74400164
1877,WMT,sharesShortPriorMonth,83639731
1878,WMT,sharesShortPreviousMonthDate,1781481600
1879,WMT,dateShortInterest,1784073600
1880,WMT,sharesPercentSharesOut,0.0093
1881,WMT,heldPercentInsiders,0.44849998
1882,WMT,heldPercentInstitutions,0.38052
1883,WMT,shortRatio,3.23
1884,WMT,shortPercentOfFloat,0.0168
1885,WMT,impliedSharesOutstanding,7958079155
1886,WMT,bookValue,11.848
1887,WMT,priceToBook,9.3855505
1888,WMT,lastFiscalYearEnd,1769817600
1889,WMT,nextFiscalYearEnd,1801353600
1890,WMT,mostRecentQuarter,1777507200
1891,WMT,earningsQuarterlyGrowth,0.188
1892,WMT,netIncomeToCommon,22735998976
1893,WMT,trailingEps,2.84
1894,WMT,forwardEps,3.28135
1895,WMT,pegRatio,4.35
1896,WMT,lastSplitFactor,3:1
1897,WMT,lastSplitDate,1708905600
1898,WMT,enterpriseToRevenue,1.319
1899,WMT,enterpriseToEbitda,21.33
1900,WMT,52WeekChange,0.11657798
1901,WMT,SandP52WeekChange,0.18322134
1902,WMT,lastDividendValue,0.248
1903,WMT,lastDividendDate,1778198400
1904,WMT,quoteType,EQUITY
1905,WMT,currentPrice,111.2
1906,WMT,targetHighPrice,155.0
1907,WMT,targetLowPrice,81.0
1908,WMT,targetMeanPrice,138.09756
1909,WMT,targetMedianPrice,140.0
1910,WMT,recommendationMean,1.53488
1911,WMT,recommendationKey,buy
1912,WMT,numberOfAnalystOpinions,41
1913,WMT,totalCash,10728999936
1914,WMT,totalCashPerShare,1.348
1915,WMT,ebitda,44837998592
1916,WMT,totalDebt,75545001984
1917,WMT,quickRatio,0.187
1918,WMT,currentRatio,0.771
1919,WMT,totalRevenue,725304999936
1920,WMT,debtToEquity,74.816
1921,WMT,revenuePerShare,90.976
1922,WMT,returnOnAssets,0.06835
1923,WMT,returnOnEquity,0.24132
1924,WMT,grossProfits,181155004416
1925,WMT,freeCashflow,6862249984
1926,WMT,operatingCashflow,40891998208
1927,WMT,earningsGrowth,0.194
1928,WMT,revenueGrowth,0.073
1929,WMT,grossMargins,0.24976
1930,WMT,ebitdaMargins,0.06182
1931,WMT,operatingMargins,0.042150002
1932,WMT,financialCurrency,USD
1933,WMT,symbol,WMT
1934,WMT,language,en-US
1935,WMT,region,US
1936,WMT,typeDisp,Equity
1937,WMT,quoteSourceName,Nasdaq Real Time Price
1938,WMT,triggerable,True
1939,WMT,customPriceAlertConfidence,HIGH
1940,WMT,postMarketTime,1785542371
1941,WMT,regularMarketTime,1785528000
1942,WMT,exchange,NMS
1943,WMT,messageBoardId,finmb_313055
1944,WMT,exchangeTimezoneName,America/New_York
1945,WMT,exchangeTimezoneShortName,EDT
1946,WMT,gmtOffSetMilliseconds,-14400000
1947,WMT,market,us_market
1948,WMT,esgPopulated,False
1949,WMT,regularMarketChangePercent,0.0900076
1950,WMT,regularMarketPrice,111.2
1951,WMT,shortName,Walmart Inc.
1952,WMT,longName,Walmart Inc.
1953,WMT,hasPrePostMarketData,True
1954,WMT,firstTradeDateMilliseconds,83597400000
1955,WMT,postMarketChangePercent,0.10791614
1956,WMT,postMarketPrice,111.32
1957,WMT,postMarketChange,0.12000275
1958,WMT,regularMarketChange,0.0999985
1959,WMT,regularMarketDayRange,109.9 - 111.9
1960,WMT,fullExchangeName,NasdaqGS
1961,WMT,averageDailyVolume3Month,22947562
1962,WMT,fiftyTwoWeekLowChange,15.779999
1963,WMT,fiftyTwoWeekLowChangePercent,0.16537413
1964,WMT,fiftyTwoWeekRange,95.42 - 135.16
1965,WMT,fiftyTwoWeekHighChange,-23.960007
1966,WMT,fiftyTwoWeekHighChangePercent,-0.17727143
1967,WMT,fiftyTwoWeekChangePercent,11.657799
1968,WMT,dividendDate,1799020800
1969,WMT,earningsTimestamp,1787229000
1970,WMT,earningsTimestampStart,1787229000
1971,WMT,earningsTimestampEnd,1787229000
1972,WMT,earningsCallTimestampStart,1787256000
1973,WMT,earningsCallTimestampEnd,1787256000
1974,WMT,isEarningsDateEstimate,False
1975,WMT,epsTrailingTwelveMonths,2.84
1976,WMT,epsForward,3.28135
1977,WMT,epsCurrentYear,2.90249
1978,WMT,priceEpsCurrentYear,38.31193
1979,WMT,fiftyDayAverageChange,-4.434601
1980,WMT,fiftyDayAverageChangePercent,-0.03835012
1981,WMT,twoHundredDayAverageChange,-6.8046494
1982,WMT,twoHundredDayAverageChangePercent,-0.05766425
1983,WMT,sourceInterval,15
1984,WMT,exchangeDataDelayedBy,0
1985,WMT,ipoExpectedDate,2025-12-09
1986,WMT,averageAnalystRating,1.5 - Buy
1987,WMT,cryptoTradeable,False
1988,WMT,marketState,CLOSED
1989,WMT,corporateActions,"[{'header': 'Dividend', 'message': 'WMT announced a cash dividend of $0.248 with an ex-date of Aug. 21, 2026', 'meta': {'eventType': 'DIVIDEND', 'dateEpochMs': 1787284800000, 'amount': '0.248'}}]"
1990,WMT,displayName,Walmart
1991,WMT,trailingPegRatio,4.2386
1992,KO,address1,One Coca-Cola Plaza
1993,KO,city,Atlanta
1994,KO,state,GA
1995,KO,zip,30313
1996,KO,country,United States
1997,KO,phone,404 676 2121
1998,KO,website,https://www.coca-colacompany.com
1999,KO,industry,Beverages - Non-Alcoholic
2000,KO,industryKey,beverages-non-alcoholic
2001,KO,industryDisp,Beverages - Non - Alcoholic
2002,KO,sector,Consumer Defensive
2003,KO,sectorKey,consumer-defensive
2004,KO,sectorDisp,Consumer Defensive
2005,KO,longBusinessSummary,"The Coca-Cola Company, a beverage company, manufactures and sells various nonalcoholic beverages in the United States and internationally. The company provides Trademark Coca-Cola, sparkling soft drinks and flavors; water, sports, coffee, and tea; juice, value-added dairy, and plant-based beverages; and emerging beverages. It also offers beverage concentrates and syrups, as well as fountain syrups to fountain retailers comprising restaurants and convenience stores. The company sells its products under the Coca-Cola, Diet Coke/Coca-Cola Light, Coca-Cola Zero Sugar, caffeine free Diet Coke, Cherry Coke, Fanta, Sprite, Simply, Fanta Orange, Fanta Zero Orange, Fanta Zero Sugar, Fanta Apple, Sprite Zero Sugar, Simply Orange, Simply Apple, Simply Grapefruit, Fresca, Schweppes, Thums Up, Aquarius, Ayataka, BODYARMOR, Ciel, Costa, Crystal, Dasani, Fuze Tea, Georgia, glacéau smartwater, glacéau vitaminwater, Gold Peak, I LOHAS, Powerade, Topo Chico, Core Power, Del Valle, fairlife, innocent, Maaza, Minute Maid, Minute Maid Pulpy, Santa Clara, and dogadan brands. It operates through a network of independent bottling partners, distributors, wholesalers, and retailers, as well as through bottling and distribution operators. The Coca-Cola Company was founded in 1886 and is headquartered in Atlanta, Georgia."
2006,KO,fullTimeEmployees,65900
2007,KO,companyOfficers,"[{'maxAge': 1, 'name': 'Mr. James Robert B. Quincey', 'age': 60, 'title': 'Executive Chairman', 'yearBorn': 1965, 'fiscalYear': 2025, 'totalPay': 7231315, 'exercisedValue': 7605114, 'unexercisedValue': 59902496}, {'maxAge': 1, 'name': 'Mr. Henrique  Braun', 'age': 56, 'title': 'CEO & Director', 'yearBorn': 1969, 'fiscalYear': 2025, 'totalPay': 4249503, 'exercisedValue': 1385757, 'unexercisedValue': 6500164}, {'maxAge': 1, 'name': 'Mr. John  Murphy', 'age': 63, 'title': 'President & CFO', 'yearBorn': 1962, 'fiscalYear': 2025, 'totalPay': 3988074, 'exercisedValue': 1107465, 'unexercisedValue': 20311522}, {'maxAge': 1, 'name': 'Mr. Manuel Arroyo Prieto', 'age': 58, 'title': 'EVP, Chief Marketing & Customer Commercial Officer', 'yearBorn': 1967, 'fiscalYear': 2025, 'totalPay': 2532132, 'exercisedValue': 0, 'unexercisedValue': 10408435}, {'maxAge': 1, 'name': 'Ms. Erin L. May', 'age': 45, 'title': 'Senior VP, Chief Accounting Officer & Controller', 'yearBorn': 1980, 'fiscalYear': 2025, 'exercisedValue': 0, 'unexercisedValue': 0}, {'maxAge': 1, 'name': 'Ms. Nancy W. Quan', 'age': 59, 'title': 'Executive VP and Global Chief Technical & Innovation Officer', 'yearBorn': 1966, 'fiscalYear': 2025, 'exercisedValue': 0, 'unexercisedValue': 0}, {'maxAge': 1, 'name': 'Mr. Todd  Beiger', 'title': 'VP & Head of Investor Relations', 'fiscalYear': 2025, 'exercisedValue': 0, 'unexercisedValue': 0}, {'maxAge': 1, 'name': 'Ms. Monica Howard Douglas', 'age': 52, 'title': 'Executive VP & Global General Counsel', 'yearBorn': 1973, 'fiscalYear': 2025, 'exercisedValue': 0, 'unexercisedValue': 0}, {'maxAge': 1, 'name': 'Ms. Beatriz R. Perez', 'age': 55, 'title': 'Executive VP & Global Chief of Communications, Sustainability and Strategic Partnerships Officer', 'yearBorn': 1970, 'fiscalYear': 2025, 'exercisedValue': 0, 'unexercisedValue': 0}, {'maxAge': 1, 'name': 'Mr. Luis Felipe Coelho Duprat Avellar', 'age': 58, 'title': 'President of Africa Operating Unit', 'yearBorn': 1967, 'fiscalYear': 2025, 'exercisedValue': 0, 'unexercisedValue': 0}]"
2008,KO,auditRisk,4
2009,KO,boardRisk,9
2010,KO,compensationRisk,1
2011,KO,shareHolderRightsRisk,4
2012,KO,overallRisk,4
2013,KO,governanceEpochDate,1785542400
2014,KO,compensationAsOfEpochDate,1767139200
2015,KO,irWebsite,http://www.coca-colacompany.com/investors/
2016,KO,executiveTeam,[]
2017,KO,maxAge,86400
2018,KO,priceHint,2
2019,KO,previousClose,88.49
2020,KO,open,87.66
2021,KO,dayLow,86.82
2022,KO,dayHigh,88.0
2023,KO,regularMarketPreviousClose,88.49
2024,KO,regularMarketOpen,87.66
2025,KO,regularMarketDayLow,86.82
2026,KO,regularMarketDayHigh,88.0
2027,KO,dividendRate,2.12
2028,KO,dividendYield,2.42
2029,KO,exDividendDate,1789430400
2030,KO,payoutRatio,0.6246
2031,KO,fiveYearAvgDividendYield,2.87
2032,KO,beta,0.349
2033,KO,trailingPE,26.303303
2034,KO,forwardPE,24.838219
2035,KO,volume,10879681
2036,KO,regularMarketVolume,10879681
2037,KO,averageVolume,17670880
2038,KO,averageVolume10days,17431180
2039,KO,averageDailyVolume10Day,17431180
2040,KO,bid,87.44
2041,KO,ask,87.65
2042,KO,bidSize,800
2043,KO,askSize,800
2044,KO,marketCap,376860246016
2045,KO,nonDilutedMarketCap,376860288194
2046,KO,fiftyTwoWeekLow,65.35
2047,KO,fiftyTwoWeekHigh,90.92
2048,KO,allTimeHigh,90.92
2049,KO,allTimeLow,0.182292
2050,KO,priceToSalesTrailing12Months,7.5178094
2051,KO,fiftyDayAverage,82.0156
2052,KO,twoHundredDayAverage,76.082
2053,KO,trailingAnnualDividendRate,2.08
2054,KO,trailingAnnualDividendYield,0.023505481
2055,KO,currency,USD
2056,KO,tradeable,False
2057,KO,enterpriseValue,406915284992
2058,KO,profitMargins,0.28558
2059,KO,floatShares,3873972313
2060,KO,sharesOutstanding,4302549243
2061,KO,sharesShort,47770310
2062,KO,sharesShortPriorMonth,51127995
2063,KO,sharesShortPreviousMonthDate,1781481600
2064,KO,dateShortInterest,1784073600
2065,KO,sharesPercentSharesOut,0.0111
2066,KO,heldPercentInsiders,0.09894
2067,KO,heldPercentInstitutions,0.68444
2068,KO,shortRatio,2.37
2069,KO,shortPercentOfFloat,0.0112
2070,KO,impliedSharesOutstanding,4302549243
2071,KO,bookValue,8.401
2072,KO,priceToBook,10.426139
2073,KO,lastFiscalYearEnd,1767139200
2074,KO,nextFiscalYearEnd,1798675200
2075,KO,mostRecentQuarter,1783036800
2076,KO,earningsQuarterlyGrowth,0.161
2077,KO,netIncomeToCommon,14316000256
2078,KO,trailingEps,3.33
2079,KO,forwardEps,3.52642
2080,KO,pegRatio,4.11
2081,KO,lastSplitFactor,2:1
2082,KO,lastSplitDate,1344816000
2083,KO,enterpriseToRevenue,8.117
2084,KO,enterpriseToEbitda,23.939
2085,KO,52WeekChange,0.27015662
2086,KO,SandP52WeekChange,0.18322134
2087,KO,lastDividendValue,0.53
2088,KO,lastDividendDate,1781481600
2089,KO,quoteType,EQUITY
2090,KO,currentPrice,87.59
2091,KO,targetHighPrice,98.0
2092,KO,targetLowPrice,75.0
2093,KO,targetMeanPrice,88.30435
2094,KO,targetMedianPrice,89.0
2095,KO,recommendationMean,1.75
2096,KO,recommendationKey,buy
2097,KO,numberOfAnalystOpinions,23
2098,KO,totalCash,16371000320
2099,KO,totalCashPerShare,3.805
2100,KO,ebitda,16997999616
2101,KO,totalDebt,44260999168
2102,KO,quickRatio,0.798
2103,KO,currentRatio,1.305
2104,KO,totalRevenue,50128998400
2105,KO,debtToEquity,115.519
2106,KO,revenuePerShare,11.651
2107,KO,returnOnAssets,0.09401
2108,KO,returnOnEquity,0.42054
2109,KO,grossProfits,31024001024
2110,KO,freeCashflow,5218749952
2111,KO,operatingCashflow,16341999616
2112,KO,earningsGrowth,0.169
2113,KO,revenueGrowth,0.067
2114,KO,grossMargins,0.61888003
2115,KO,ebitdaMargins,0.33909
2116,KO,operatingMargins,0.34895
2117,KO,financialCurrency,USD
2118,KO,symbol,KO
2119,KO,language,en-US
2120,KO,region,US
2121,KO,typeDisp,Equity
2122,KO,quoteSourceName,Nasdaq Real Time Price
2123,KO,triggerable,True
2124,KO,customPriceAlertConfidence,HIGH
2125,KO,postMarketTime,1785542374
2126,KO,regularMarketTime,1785528002
2127,KO,exchange,NYQ
2128,KO,messageBoardId,finmb_26642
2129,KO,exchangeTimezoneName,America/New_York
2130,KO,exchangeTimezoneShortName,EDT
2131,KO,gmtOffSetMilliseconds,-14400000
2132,KO,market,us_market
2133,KO,esgPopulated,False
2134,KO,regularMarketChangePercent,-1.01707
2135,KO,regularMarketPrice,87.59
2136,KO,shortName,Coca-Cola Company (The)
2137,KO,longName,The Coca-Cola Company
2138,KO,hasPrePostMarketData,True
2139,KO,firstTradeDateMilliseconds,-252322200000
2140,KO,postMarketChangePercent,0.064169146
2141,KO,postMarketPrice,87.6462
2142,KO,postMarketChange,0.05620575
2143,KO,regularMarketChange,-0.900002
2144,KO,regularMarketDayRange,86.82 - 88.0
2145,KO,fullExchangeName,NYSE
2146,KO,averageDailyVolume3Month,17670880
2147,KO,fiftyTwoWeekLowChange,22.239998
2148,KO,fiftyTwoWeekLowChangePercent,0.34032133
2149,KO,fiftyTwoWeekRange,65.35 - 90.92
2150,KO,fiftyTwoWeekHighChange,-3.3300018
2151,KO,fiftyTwoWeekHighChangePercent,-0.036625627
2152,KO,fiftyTwoWeekChangePercent,27.015663
2153,KO,dividendDate,1790812800
2154,KO,earningsTimestamp,1785241800
2155,KO,earningsTimestampStart,1792499400
2156,KO,earningsTimestampEnd,1792499400
2157,KO,earningsCallTimestampStart,1785241800
2158,KO,earningsCallTimestampEnd,1785241800
2159,KO,isEarningsDateEstimate,False
2160,KO,epsTrailingTwelveMonths,3.33
2161,KO,epsForward,3.52642
2162,KO,epsCurrentYear,3.26571
2163,KO,priceEpsCurrentYear,26.821117
2164,KO,fiftyDayAverageChange,5.574394
2165,KO,fiftyDayAverageChangePercent,0.06796748
2166,KO,twoHundredDayAverageChange,11.507996
2167,KO,twoHundredDayAverageChangePercent,0.1512578
2168,KO,sourceInterval,15
2169,KO,exchangeDataDelayedBy,0
2170,KO,averageAnalystRating,1.8 - Buy
2171,KO,cryptoTradeable,False
2172,KO,marketState,CLOSED
2173,KO,corporateActions,[]
2174,KO,displayName,Coca-Cola
2175,KO,trailingPegRatio,4.2198
2176,GE,address1,1 Neumann Way
2177,GE,city,Evendale
2178,GE,state,OH
2179,GE,zip,45215
2180,GE,country,United States
2181,GE,phone,(513) 243-2000
2182,GE,website,https://www.geaerospace.com
2183,GE,industry,Aerospace & Defense
2184,GE,industryKey,aerospace-defense
2185,GE,industryDisp,Aerospace & Defense
2186,GE,sector,Industrials
2187,GE,sectorKey,industrials
2188,GE,sectorDisp,Industrials
2189,GE,longBusinessSummary,"General Electric Company, doing business as GE Aerospace, designs and produces commercial and defense aircraft engines, integrated engine components, electric power, and aircraft systems. The company operates through two segments, Commercial Engines & Services, and Defense & Propulsion Technologies. The Commercial Engines & Services segment designs, develops, manufactures, maintenance, repair, and overhaul (MRO) services of jet engines and sale of spare parts for commercial airframes, business aviation, and aeroderivative applications. The Defense & Propulsion Technologies designs, develops, manufactures, and services jet engines and avionics and power systems for governments, militaries, and commercial airframers, as well as MRO of engines and the sale of spare parts. This segment also offers aircraft components and systems, such as small turboprop engines, aeroengine mechanical transmissions, turbines, combustors and controls, additive manufacturing, propeller systems, ignition systems, sensors and engine accessories for fixed wing and rotorcraft applications for commercial and military end users under the Avio Aero, Unison, Dowty Propellers, and Colibrium Additive brands. The company operates in the United States, Europe, Asia, the Americas, the Middle East, and Africa. General Electric Company was incorporated in 1892 and is based in Evendale, Ohio."
2190,GE,fullTimeEmployees,57000
2191,GE,companyOfficers,"[{'maxAge': 1, 'name': 'Mr. H. Lawrence Culp Jr.', 'age': 62, 'title': 'Chairman & CEO', 'yearBorn': 1963, 'fiscalYear': 2025, 'totalPay': 10262962, 'exercisedValue': 0, 'unexercisedValue': 0}, {'maxAge': 1, 'name': 'Mr. Rahul  Ghai', 'age': 53, 'title': 'Senior VP & CFO', 'yearBorn': 1972, 'fiscalYear': 2025, 'totalPay': 3251678, 'exercisedValue': 0, 'unexercisedValue': 0}, {'maxAge': 1, 'name': 'Mr. John R. Phillips III', 'age': 47, 'title': 'Senior VP, General Counsel & Secretary', 'yearBorn': 1978, 'fiscalYear': 2025, 'totalPay': 2419640, 'exercisedValue': 0, 'unexercisedValue': 1333309}, {'maxAge': 1, 'name': 'Mr. Mohamed  Ali', 'age': 55, 'title': 'President & CEO of Commercial Engines and Services', 'yearBorn': 1970, 'fiscalYear': 2025, 'totalPay': 2355842, 'exercisedValue': 342288, 'unexercisedValue': 4932000}, {'maxAge': 1, 'name': 'Mr. Robert M. Giglietti', 'age': 53, 'title': 'VP, Chief Accounting Officer, Controller & Treasurer', 'yearBorn': 1972, 'fiscalYear': 2025, 'exercisedValue': 0, 'unexercisedValue': 0}, {'maxAge': 1, 'name': 'Ms. Blaire  Shoor', 'title': 'Head of Investor Relations', 'fiscalYear': 2025, 'exercisedValue': 0, 'unexercisedValue': 0}, {'maxAge': 1, 'name': 'Ms. Tara  DiJulio', 'title': 'VP, Chief Communications Officer & Chief Corporate Affairs Officer of GE Aerospace', 'fiscalYear': 2025, 'exercisedValue': 0, 'unexercisedValue': 0}, {'maxAge': 1, 'name': 'Mr. Christian E. Meisner', 'age': 55, 'title': 'Senior VP & Chief Human Resources Officer', 'yearBorn': 1970, 'fiscalYear': 2025, 'totalPay': 2267604, 'exercisedValue': 0, 'unexercisedValue': 0}, {'maxAge': 1, 'name': 'Mr. Christoph A. Pereira', 'age': 52, 'title': 'Chief Strategy & Risk Officer and CEO of Aerospace Carbon Solutions, SaaS & Sustainability', 'yearBorn': 1973, 'fiscalYear': 2025, 'exercisedValue': 0, 'unexercisedValue': 0}, {'maxAge': 1, 'name': 'Mr. Ramesh  Singaram', 'title': ""President & CEO of GE Gas Power's APAC"", 'fiscalYear': 2025, 'exercisedValue': 0, 'unexercisedValue': 0}]"
2192,GE,auditRisk,9
2193,GE,boardRisk,6
2194,GE,compensationRisk,8
2195,GE,shareHolderRightsRisk,3
2196,GE,overallRisk,7
2197,GE,governanceEpochDate,1785542400
2198,GE,compensationAsOfEpochDate,1767139200
2199,GE,irWebsite,http://www.ge.com/investor-relations
2200,GE,executiveTeam,[]
2201,GE,maxAge,86400
2202,GE,priceHint,2
2203,GE,previousClose,355.04
2204,GE,open,356.24
2205,GE,dayLow,354.381
2206,GE,dayHigh,362.42
2207,GE,regularMarketPreviousClose,355.04
2208,GE,regularMarketOpen,356.24
2209,GE,regularMarketDayLow,354.381
2210,GE,regularMarketDayHigh,362.42
2211,GE,dividendRate,1.88
2212,GE,dividendYield,0.52
2213,GE,exDividendDate,1783296000
2214,GE,payoutRatio,0.1958
2215,GE,fiveYearAvgDividendYield,0.4
2216,GE,beta,1.348
2217,GE,trailingPE,42.361176
2218,GE,forwardPE,39.676655
2219,GE,volume,3048624
2220,GE,regularMarketVolume,3048624
2221,GE,averageVolume,4812048
2222,GE,averageVolume10days,3633180
2223,GE,averageDailyVolume10Day,3633180
2224,GE,bid,358.7
2225,GE,ask,359.95
2226,GE,bidSize,120
2227,GE,askSize,80
2228,GE,marketCap,373595144192
2229,GE,nonDilutedMarketCap,373595134055
2230,GE,fiftyTwoWeekLow,263.8
2231,GE,fiftyTwoWeekHigh,382.97
2232,GE,allTimeHigh,382.97
2233,GE,allTimeLow,2.708226
2234,GE,priceToSalesTrailing12Months,7.377617
2235,GE,fiftyDayAverage,345.1644
2236,GE,twoHundredDayAverage,315.08926
2237,GE,trailingAnnualDividendRate,1.66
2238,GE,trailingAnnualDividendYield,0.0046755294
2239,GE,currency,USD
2240,GE,tradeable,False
2241,GE,enterpriseValue,384107118592
2242,GE,profitMargins,0.17716
2243,GE,floatShares,1033588649
2244,GE,sharesOutstanding,1037562513
2245,GE,sharesShort,14900112
2246,GE,sharesShortPriorMonth,13943685
2247,GE,sharesShortPreviousMonthDate,1781481600
2248,GE,dateShortInterest,1784073600
2249,GE,sharesPercentSharesOut,0.014400001
2250,GE,heldPercentInsiders,0.003
2251,GE,heldPercentInstitutions,0.81359
2252,GE,shortRatio,3.0
2253,GE,shortPercentOfFloat,0.014400001
2254,GE,impliedSharesOutstanding,1037562513
2255,GE,bookValue,17.001
2256,GE,priceToBook,21.179344
2257,GE,lastFiscalYearEnd,1767139200
2258,GE,nextFiscalYearEnd,1798675200
2259,GE,mostRecentQuarter,1782777600
2260,GE,earningsQuarterlyGrowth,0.169
2261,GE,netIncomeToCommon,8963999744
2262,GE,trailingEps,8.5
2263,GE,forwardEps,9.07511
2264,GE,pegRatio,5.15
2265,GE,lastSplitFactor,1253:1000
2266,GE,lastSplitDate,1712016000
2267,GE,enterpriseToRevenue,7.585
2268,GE,enterpriseToEbitda,33.45
2269,GE,52WeekChange,0.3035152
2270,GE,SandP52WeekChange,0.18322134
2271,GE,lastDividendValue,0.47
2272,GE,lastDividendDate,1783296000
2273,GE,quoteType,EQUITY
2274,GE,currentPrice,360.07
2275,GE,targetHighPrice,455.0
2276,GE,targetLowPrice,347.0
2277,GE,targetMeanPrice,404.90475
2278,GE,targetMedianPrice,400.0
2279,GE,recommendationMean,1.45455
2280,GE,recommendationKey,strong_buy
2281,GE,numberOfAnalystOpinions,21
2282,GE,totalCash,9944999936
2283,GE,totalCashPerShare,9.585
2284,GE,ebitda,11482999808
2285,GE,totalDebt,20230000640
2286,GE,quickRatio,0.632
2287,GE,currentRatio,0.982
2288,GE,totalRevenue,50638999552
2289,GE,debtToEquity,113.225
2290,GE,revenuePerShare,48.274
2291,GE,returnOnAssets,0.05065
2292,GE,returnOnEquity,0.48231998
2293,GE,grossProfits,15724000256
2294,GE,freeCashflow,6594625024
2295,GE,operatingCashflow,9799999488
2296,GE,earningsGrowth,0.194
2297,GE,revenueGrowth,0.211
2298,GE,grossMargins,0.31051
2299,GE,ebitdaMargins,0.22676
2300,GE,operatingMargins,0.20571
2301,GE,financialCurrency,USD
2302,GE,symbol,GE
2303,GE,language,en-US
2304,GE,region,US
2305,GE,typeDisp,Equity
2306,GE,quoteSourceName,Nasdaq Real Time Price
2307,GE,triggerable,True
2308,GE,customPriceAlertConfidence,HIGH
2309,GE,hasPrePostMarketData,True
2310,GE,firstTradeDateMilliseconds,-252322200000
2311,GE,postMarketChangePercent,-0.019442698
2312,GE,postMarketPrice,360.0
2313,GE,postMarketChange,-0.070007324
2314,GE,regularMarketChange,5.03
2315,GE,regularMarketDayRange,354.381 - 362.42
2316,GE,fullExchangeName,NYSE
2317,GE,averageDailyVolume3Month,4812048
2318,GE,fiftyTwoWeekLowChange,96.27002
2319,GE,fiftyTwoWeekLowChangePercent,0.36493564
2320,GE,fiftyTwoWeekRange,263.8 - 382.97
2321,GE,fiftyTwoWeekHighChange,-22.899994
2322,GE,fiftyTwoWeekHighChangePercent,-0.05979579
2323,GE,fiftyTwoWeekChangePercent,30.35152
2324,GE,dividendDate,1785110400
2325,GE,earningsTimestamp,1784205000
2326,GE,earningsTimestampStart,1792499400
2327,GE,earningsTimestampEnd,1792499400
2328,GE,earningsCallTimestampStart,1784201400
2329,GE,earningsCallTimestampEnd,1784201400
2330,GE,isEarningsDateEstimate,True
2331,GE,epsTrailingTwelveMonths,8.5
2332,GE,epsForward,9.07511
2333,GE,epsCurrentYear,7.91328
2334,GE,priceEpsCurrentYear,45.50199
2335,GE,longName,GE Aerospace
2336,GE,shortName,GE Aerospace
2337,GE,fiftyDayAverageChange,14.905609
2338,GE,fiftyDayAverageChangePercent,0.043184087
2339,GE,twoHundredDayAverageChange,44.980743
2340,GE,twoHundredDayAverageChangePercent,0.14275555
2341,GE,sourceInterval,15
2342,GE,exchangeDataDelayedBy,0
2343,GE,averageAnalystRating,1.5 - Strong Buy
2344,GE,cryptoTradeable,False
2345,GE,marketState,CLOSED
2346,GE,corporateActions,[]
2347,GE,postMarketTime,1785542360
2348,GE,regularMarketTime,1785528003
2349,GE,exchange,NYQ
2350,GE,messageBoardId,finmb_177031
2351,GE,exchangeTimezoneName,America/New_York
2352,GE,exchangeTimezoneShortName,EDT
2353,GE,gmtOffSetMilliseconds,-14400000
2354,GE,market,us_market
2355,GE,esgPopulated,False
2356,GE,regularMarketChangePercent,1.41674
2357,GE,regularMarketPrice,360.07
2358,GE,trailingPegRatio,5.2891
2359,CAT,address1,5205 N. O'Connor Boulevard
2360,CAT,address2,Suite 100
2361,CAT,city,Irving
2362,CAT,state,TX
2363,CAT,zip,75039
2364,CAT,country,United States
2365,CAT,phone,972 891 7700
2366,CAT,fax,309 494 4818
2367,CAT,website,https://www.caterpillar.com
2368,CAT,industry,Farm & Heavy Construction Machinery
2369,CAT,industryKey,farm-heavy-construction-machinery
2370,CAT,industryDisp,Farm & Heavy Construction Machinery
2371,CAT,sector,Industrials
2372,CAT,sectorKey,industrials
2373,CAT,sectorDisp,Industrials
2374,CAT,longBusinessSummary,"Caterpillar Inc. provides construction and mining equipment, off-highway diesel and natural gas engines, industrial gas turbines, and diesel-electric locomotives in the United States and internationally. The Construction Industries segment offers asphalt pavers, cold planers, compactors, forestry machines, material handlers, motor graders, pipelayers, road reclaimers, telehandlers, track-type tractors, and track and wheel excavators; backhoe, compact track, skid steer, track-type, and wheel loaders; and related parts and work tools. Its Resource Industries segment provides electric rope and hydraulic shovels, draglines, rotary drills, hard rock vehicles, mining trucks, wheel loaders, off-highway and articulated trucks, wide-body trucks, wheel tractor scrapers and dozers, and landfill and soil compactors; machinery components, and wear and maintenance components; and technology products and services for fleet management, equipment management analytics, autonomous machine capabilities, safety services, and mining performance solutions. The Energy & Transportation segment offers reciprocating engine powered generator sets; reciprocating engines, drivetrain, and integrated systems and solutions; centrifugal gas compressors and related services; and diesel-electric locomotive components, and other rail-related products. Its Financial Products segment provides operating and finance leases, revolving charge accounts, installment sale contracts, repair/rebuild financing, working capital loans, and wholesale financing; and insurance and risk management products and services. The All Other segment offers parts distribution; logistics and distribution services; electronics and control systems; dealer portfolio management; brand management and marketing strategy; and digital investment services. It also provides mining software solutions. The company was formerly known as Caterpillar Tractor Co. Caterpillar Inc. was incorporated in 1925 and is headquartered in Irving, Texas."
2375,CAT,fullTimeEmployees,118000
2376,CAT,companyOfficers,"[{'maxAge': 1, 'name': 'Mr. Joseph E. Creed CPA', 'age': 49, 'title': 'Chairman & CEO', 'yearBorn': 1976, 'fiscalYear': 2025, 'totalPay': 4368476, 'exercisedValue': 0, 'unexercisedValue': 36623136}, {'maxAge': 1, 'name': 'Ms. Christine M. Pambianchi', 'age': 57, 'title': 'Chief Human Resources Officer', 'yearBorn': 1968, 'fiscalYear': 2025, 'totalPay': 2075625, 'exercisedValue': 0, 'unexercisedValue': 0}, {'maxAge': 1, 'name': 'Ms. Denise C. Johnson', 'age': 59, 'title': 'Group President of Resource Industries', 'yearBorn': 1966, 'fiscalYear': 2025, 'totalPay': 2492993, 'exercisedValue': 0, 'unexercisedValue': 36318824}, {'maxAge': 1, 'name': 'Mr. Bob  De Lange', 'age': 55, 'title': 'Group President of Services, Distribution & Digital', 'yearBorn': 1970, 'fiscalYear': 2025, 'totalPay': 2361317, 'exercisedValue': 8231793, 'unexercisedValue': 97235608}, {'maxAge': 1, 'name': 'Mr. Andrew R. J. Bonfield', 'age': 63, 'title': 'Advisor', 'yearBorn': 1962, 'fiscalYear': 2025, 'totalPay': 2601603, 'exercisedValue': 6902462, 'unexercisedValue': 898702}, {'maxAge': 1, 'name': 'Mr. Kyle J. Epley', 'age': 52, 'title': 'Chief Financial Officer', 'yearBorn': 1973, 'fiscalYear': 2025, 'exercisedValue': 0, 'unexercisedValue': 0}, {'maxAge': 1, 'name': 'Mr. William E. Schaupp', 'age': 53, 'title': 'VP & Chief Accounting Officer', 'yearBorn': 1972, 'fiscalYear': 2025, 'exercisedValue': 0, 'unexercisedValue': 0}, {'maxAge': 1, 'name': 'Ms. Jaime  Mineart', 'title': 'Senior VP & CTO', 'fiscalYear': 2025, 'exercisedValue': 0, 'unexercisedValue': 0}, {'maxAge': 1, 'name': 'Ms. Jamie L. Engstrom', 'age': 47, 'title': 'Senior VP & Chief Information Officer', 'yearBorn': 1978, 'fiscalYear': 2025, 'exercisedValue': 0, 'unexercisedValue': 0}, {'maxAge': 1, 'name': 'Alex  Kapper', 'title': 'Vice President of Investor Relations', 'fiscalYear': 2025, 'exercisedValue': 0, 'unexercisedValue': 0}]"
2377,CAT,auditRisk,4
2378,CAT,boardRisk,4
2379,CAT,compensationRisk,3
2380,CAT,shareHolderRightsRisk,5
2381,CAT,overallRisk,3
2382,CAT,governanceEpochDate,1785542400
2383,CAT,compensationAsOfEpochDate,1767139200
2384,CAT,irWebsite,http://www.caterpillar.com/investors
2385,CAT,executiveTeam,[]
2386,CAT,maxAge,86400
2387,CAT,priceHint,2
2388,CAT,previousClose,809.14
2389,CAT,open,843.39
2390,CAT,dayLow,807.31
2391,CAT,dayHigh,844.99
2392,CAT,regularMarketPreviousClose,809.14
2393,CAT,regularMarketOpen,843.39
2394,CAT,regularMarketDayLow,807.31
2395,CAT,regularMarketDayHigh,844.99
2396,CAT,dividendRate,6.52
2397,CAT,dividendYield,0.8
2398,CAT,exDividendDate,1784505600
2399,CAT,payoutRatio,0.2958
2400,CAT,fiveYearAvgDividendYield,1.72
2401,CAT,beta,1.565
2402,CAT,trailingPE,40.65918
2403,CAT,forwardPE,26.757702
2404,CAT,volume,2390364
2405,CAT,regularMarketVolume,2390364
2406,CAT,averageVolume,3177825
2407,CAT,averageVolume10days,3145170
2408,CAT,averageDailyVolume10Day,3145170
2409,CAT,bid,810.08
2410,CAT,ask,814.8
2411,CAT,bidSize,80
2412,CAT,askSize,120
2413,CAT,marketCap,375294951424
2414,CAT,nonDilutedMarketCap,375294953668
2415,CAT,fiftyTwoWeekLow,405.46
2416,CAT,fiftyTwoWeekHigh,1073.46
2417,CAT,allTimeHigh,1073.46
2418,CAT,allTimeLow,1.229167
2419,CAT,priceToSalesTrailing12Months,5.3041472
2420,CAT,fiftyDayAverage,920.0792
2421,CAT,twoHundredDayAverage,738.11884
2422,CAT,trailingAnnualDividendRate,6.04
2423,CAT,trailingAnnualDividendYield,0.0074647153
2424,CAT,currency,USD
2425,CAT,tradeable,False
2426,CAT,enterpriseValue,415080644608
2427,CAT,profitMargins,0.13328
2428,CAT,floatShares,459181413
2429,CAT,sharesOutstanding,460591983
2430,CAT,sharesShort,8054245
2431,CAT,sharesShortPriorMonth,8445334
2432,CAT,sharesShortPreviousMonthDate,1781481600
2433,CAT,dateShortInterest,1784073600
2434,CAT,sharesPercentSharesOut,0.0175
2435,CAT,heldPercentInsiders,0.00219
2436,CAT,heldPercentInstitutions,0.72814006
2437,CAT,shortRatio,2.12
2438,CAT,shortPercentOfFloat,0.0195
2439,CAT,impliedSharesOutstanding,460591983
2440,CAT,bookValue,40.511
2441,CAT,priceToBook,20.113302
2442,CAT,lastFiscalYearEnd,1767139200
2443,CAT,nextFiscalYearEnd,1798675200
2444,CAT,mostRecentQuarter,1774915200
2445,CAT,earningsQuarterlyGrowth,0.273
2446,CAT,netIncomeToCommon,9429999616
2447,CAT,trailingEps,20.04
2448,CAT,forwardEps,30.45142
2449,CAT,pegRatio,1.91
2450,CAT,lastSplitFactor,2:1
2451,CAT,lastSplitDate,1121299200
2452,CAT,enterpriseToRevenue,5.866
2453,CAT,enterpriseToEbitda,28.514
2454,CAT,52WeekChange,0.878741
2455,CAT,SandP52WeekChange,0.18322134
2456,CAT,lastDividendValue,1.63
2457,CAT,lastDividendDate,1784505600
2458,CAT,quoteType,EQUITY
2459,CAT,currentPrice,814.81
2460,CAT,targetHighPrice,1218.0
2461,CAT,targetLowPrice,575.0
2462,CAT,targetMeanPrice,958.8327
2463,CAT,targetMedianPrice,957.975
2464,CAT,recommendationMean,2.14286
2465,CAT,recommendationKey,buy
2466,CAT,numberOfAnalystOpinions,26
2467,CAT,totalCash,3316000000
2468,CAT,totalCashPerShare,7.199
2469,CAT,ebitda,14556999680
2470,CAT,totalDebt,43065999360
2471,CAT,quickRatio,0.73
2472,CAT,currentRatio,1.353
2473,CAT,totalRevenue,70755000320
2474,CAT,debtToEquity,230.793
2475,CAT,revenuePerShare,151.469
2476,CAT,returnOnAssets,0.085200004
2477,CAT,returnOnEquity,0.51331
2478,CAT,grossProfits,20237000704
2479,CAT,freeCashflow,3776624896
2480,CAT,operatingCashflow,12320000000
2481,CAT,earningsGrowth,0.302
2482,CAT,revenueGrowth,0.222
2483,CAT,grossMargins,0.28601998
2484,CAT,ebitdaMargins,0.20573999
2485,CAT,operatingMargins,0.18180001
2486,CAT,financialCurrency,USD
2487,CAT,symbol,CAT
2488,CAT,language,en-US
2489,CAT,region,US
2490,CAT,typeDisp,Equity
2491,CAT,quoteSourceName,Nasdaq Real Time Price
2492,CAT,triggerable,True
2493,CAT,customPriceAlertConfidence,HIGH
2494,CAT,fiftyDayAverageChangePercent,-0.11441322
2495,CAT,twoHundredDayAverageChange,76.69116
2496,CAT,twoHundredDayAverageChangePercent,0.103900835
2497,CAT,sourceInterval,15
2498,CAT,exchangeDataDelayedBy,0
2499,CAT,averageAnalystRating,2.1 - Buy
2500,CAT,cryptoTradeable,False
2501,CAT,corporateActions,[]
2502,CAT,postMarketTime,1785542394
2503,CAT,regularMarketTime,1785528002
2504,CAT,exchange,NYQ
2505,CAT,messageBoardId,finmb_259378
2506,CAT,exchangeTimezoneName,America/New_York
2507,CAT,exchangeTimezoneShortName,EDT
2508,CAT,gmtOffSetMilliseconds,-14400000
2509,CAT,market,us_market
2510,CAT,esgPopulated,False
2511,CAT,marketState,CLOSED
2512,CAT,shortName,"Caterpillar, Inc."
2513,CAT,longName,Caterpillar Inc.
2514,CAT,regularMarketChangePercent,0.700742
2515,CAT,regularMarketPrice,814.81
2516,CAT,hasPrePostMarketData,True
2517,CAT,firstTradeDateMilliseconds,-252322200000
2518,CAT,postMarketChangePercent,-0.07351395
2519,CAT,postMarketPrice,814.211
2520,CAT,postMarketChange,-0.598999
2521,CAT,regularMarketChange,5.66998
2522,CAT,regularMarketDayRange,807.31 - 844.99
2523,CAT,fullExchangeName,NYSE
2524,CAT,averageDailyVolume3Month,3177825
2525,CAT,fiftyTwoWeekLowChange,409.35
2526,CAT,fiftyTwoWeekLowChangePercent,1.0095941
2527,CAT,fiftyTwoWeekRange,405.46 - 1073.46
2528,CAT,fiftyTwoWeekHighChange,-258.64996
2529,CAT,fiftyTwoWeekHighChangePercent,-0.2409498
2530,CAT,fiftyTwoWeekChangePercent,87.8741
2531,CAT,dividendDate,1787097600
2532,CAT,earningsTimestamp,1785846600
2533,CAT,earningsTimestampStart,1785846600
2534,CAT,earningsTimestampEnd,1785846600
2535,CAT,earningsCallTimestampStart,1785873600
2536,CAT,earningsCallTimestampEnd,1785873600
2537,CAT,isEarningsDateEstimate,False
2538,CAT,epsTrailingTwelveMonths,20.04
2539,CAT,epsForward,30.45142
2540,CAT,epsCurrentYear,24.72342
2541,CAT,priceEpsCurrentYear,32.957012
2542,CAT,fiftyDayAverageChange,-105.269226
2543,CAT,displayName,Caterpillar
2544,CAT,trailingPegRatio,1.911
2545,LMT,address1,6801 Rockledge Drive
2546,LMT,city,Bethesda
2547,LMT,state,MD
2548,LMT,zip,20817
2549,LMT,country,United States
2550,LMT,phone,301 897 6000
2551,LMT,fax,720 479 2750
2552,LMT,website,https://www.lockheedmartin.com
2553,LMT,industry,Aerospace & Defense
2554,LMT,industryKey,aerospace-defense
2555,LMT,industryDisp,Aerospace & Defense
2556,LMT,sector,Industrials
2557,LMT,sectorKey,industrials
2558,LMT,sectorDisp,Industrials
2559,LMT,longBusinessSummary,"Lockheed Martin Corporation, an aerospace and defense company, engages in the research, design, development, manufacture, integration, and sustainment of technology systems, products, and services in the United States, Europe, Asia, the Middle East, and internationally. The company operates through four segments: Aeronautics; Missiles and Fire Control (MFC); Rotary and Mission Systems (RMS); and Space. The Aeronautics segment offers combat and air mobility aircraft, unmanned air vehicles, and related technologies. The MFC segment provides air and missile defense systems; tactical missiles and precision strike weapon systems; logistics; fire control systems; mission operations support, readiness, engineering support, and integration services; and ground vehicles. The RMS segment offers military and commercial helicopters, surface ships, sea- and land-based missile defense systems, radar and laser systems, sea- and air-based mission and combat systems, command and control mission solutions, cyber solutions, simulation and training solutions, and services and support for surface ships. The Space segment provides satellites; space transportation systems; strategic, advanced strike, and defensive systems; and classified systems and services in support of national security systems. This segment also provides network-enabled situational awareness; and integrates space and ground global systems to help its customers gather, analyze, and securely distribute critical intelligence data. It primarily serves the U.S. government and international customers, as well as foreign military sales contracted through the U.S. government. The company was formerly known as The Lockheed Corporation and changed its name to Lockheed Martin Corporation in March 1995. Lockheed Martin Corporation was founded in 1912 and is based in Bethesda, Maryland."
2560,LMT,fullTimeEmployees,123000
2561,LMT,companyOfficers,"[{'maxAge': 1, 'name': 'Mr. James D. Taiclet Jr.', 'age': 64, 'title': 'Chairman, President & CEO', 'yearBorn': 1961, 'fiscalYear': 2025, 'totalPay': 9785663, 'exercisedValue': 0, 'unexercisedValue': 0}, {'maxAge': 1, 'name': 'Mr. Evan T. Scott', 'age': 48, 'title': 'Chief Financial Officer', 'yearBorn': 1977, 'fiscalYear': 2025, 'totalPay': 2382567, 'exercisedValue': 0, 'unexercisedValue': 0}, {'maxAge': 1, 'name': 'Mr. Frank A. St. John', 'age': 58, 'title': 'Chief Operating Officer', 'yearBorn': 1967, 'fiscalYear': 2025, 'totalPay': 4056161, 'exercisedValue': 0, 'unexercisedValue': 0}, {'maxAge': 1, 'name': ""Mr. Kevin James O'Connor J.D."", 'age': 57, 'title': 'Senior Vice President, General Counsel & Corporate Secretary', 'yearBorn': 1968, 'fiscalYear': 2025, 'totalPay': 2496841, 'exercisedValue': 0, 'unexercisedValue': 0}, {'maxAge': 1, 'name': 'Mr. Timothy S. Cahill', 'age': 59, 'title': 'President of Missiles & Fire Control', 'yearBorn': 1966, 'fiscalYear': 2025, 'totalPay': 2953419, 'exercisedValue': 0, 'unexercisedValue': 0}, {'maxAge': 1, 'name': 'Dr. Craig  Martell', 'title': 'Chief Technology Officer', 'fiscalYear': 2025, 'exercisedValue': 0, 'unexercisedValue': 0}, {'maxAge': 1, 'name': 'Ms. Maria  Demaree', 'age': 56, 'title': 'Senior VP of Enterprise Business & Digital Transformation and Chief information Officer', 'yearBorn': 1969, 'fiscalYear': 2025, 'exercisedValue': 0, 'unexercisedValue': 0}, {'maxAge': 1, 'name': 'Mark D. Kvasnak', 'title': 'Vice President of Investor Relations', 'fiscalYear': 2025, 'exercisedValue': 0, 'unexercisedValue': 0}, {'maxAge': 1, 'name': 'Ms. Jenna  McMullin', 'title': 'Senior VP & Chief Communications Officer', 'fiscalYear': 2025, 'exercisedValue': 0, 'unexercisedValue': 0}, {'maxAge': 1, 'name': 'Mr. Christopher J. Wronsky', 'title': 'Senior VP & Chief Human Resource Officer', 'fiscalYear': 2025, 'exercisedValue': 0, 'unexercisedValue': 0}]"
2562,LMT,auditRisk,2
2563,LMT,boardRisk,9
2564,LMT,compensationRisk,5
2565,LMT,shareHolderRightsRisk,7
2566,LMT,overallRisk,7
2567,LMT,governanceEpochDate,1785542400
2568,LMT,compensationAsOfEpochDate,1767139200
2569,LMT,irWebsite,http://phx.corporate-ir.net/phoenix.zhtml?c=83941&p=irol-IRHome
2570,LMT,executiveTeam,[]
2571,LMT,maxAge,86400
2572,LMT,priceHint,2
2573,LMT,previousClose,574.11
2574,LMT,open,574.11
2575,LMT,dayLow,570.89
2576,LMT,dayHigh,583.885
2577,LMT,regularMarketPreviousClose,574.11
2578,LMT,regularMarketOpen,574.11
2579,LMT,regularMarketDayLow,570.89
2580,LMT,regularMarketDayHigh,583.885
2581,LMT,dividendRate,13.8
2582,LMT,dividendYield,2.37
2583,LMT,exDividendDate,1788220800
2584,LMT,payoutRatio,0.5033
2585,LMT,fiveYearAvgDividendYield,2.63
2586,LMT,beta,0.113
2587,LMT,trailingPE,21.50332
2588,LMT,forwardPE,17.813772
2589,LMT,volume,1418085
2590,LMT,regularMarketVolume,1418085
2591,LMT,averageVolume,1298109
2592,LMT,averageVolume10days,1536720
2593,LMT,averageDailyVolume10Day,1536720
2594,LMT,bid,575.0
2595,LMT,ask,583.22
2596,LMT,bidSize,40
2597,LMT,askSize,40
2598,LMT,marketCap,134490996736
2599,LMT,nonDilutedMarketCap,134491003403
2600,LMT,fiftyTwoWeekLow,419.0
2601,LMT,fiftyTwoWeekHigh,692.0
2602,LMT,allTimeHigh,692.0
2603,LMT,allTimeLow,0.281186
2604,LMT,priceToSalesTrailing12Months,1.7463188
2605,LMT,fiftyDayAverage,528.6854
2606,LMT,twoHundredDayAverage,545.0876
2607,LMT,trailingAnnualDividendRate,13.65
2608,LMT,trailingAnnualDividendYield,0.023775931
2609,LMT,currency,USD
2610,LMT,tradeable,False
2611,LMT,enterpriseValue,151238000640
2612,LMT,profitMargins,0.08163
2613,LMT,floatShares,197826910
2614,LMT,sharesOutstanding,230790753
2615,LMT,sharesShort,3113955
2616,LMT,sharesShortPriorMonth,3241512
2617,LMT,sharesShortPreviousMonthDate,1781481600
2618,LMT,dateShortInterest,1784073600
2619,LMT,sharesPercentSharesOut,0.0135
2620,LMT,heldPercentInsiders,0.00101
2621,LMT,heldPercentInstitutions,0.75847
2622,LMT,shortRatio,2.38
2623,LMT,shortPercentOfFloat,0.0162
2624,LMT,impliedSharesOutstanding,230790753
2625,LMT,bookValue,38.122
2626,LMT,priceToBook,15.286185
2627,LMT,lastFiscalYearEnd,1767139200
2628,LMT,nextFiscalYearEnd,1798675200
2629,LMT,mostRecentQuarter,1782604800
2630,LMT,earningsQuarterlyGrowth,4.368
2631,LMT,netIncomeToCommon,6287000064
2632,LMT,trailingEps,27.1
2633,LMT,forwardEps,32.71289
2634,LMT,pegRatio,1.18
2635,LMT,lastSplitFactor,2:1
2636,LMT,lastSplitDate,915408000
2637,LMT,enterpriseToRevenue,1.964
2638,LMT,enterpriseToEbitda,15.624
2639,LMT,52WeekChange,0.3753599
2640,LMT,SandP52WeekChange,0.18322134
2641,LMT,lastDividendValue,3.45
2642,LMT,lastDividendDate,1780272000
2643,LMT,quoteType,EQUITY
2644,LMT,currentPrice,582.74
2645,LMT,targetHighPrice,756.0
2646,LMT,targetLowPrice,503.0
2647,LMT,targetMeanPrice,628.2105
2648,LMT,targetMedianPrice,614.0
2649,LMT,recommendationMean,2.52381
2650,LMT,recommendationKey,hold
2651,LMT,numberOfAnalystOpinions,19
2652,LMT,totalCash,3791000064
2653,LMT,totalCashPerShare,16.426
2654,LMT,ebitda,9680000000
2655,LMT,totalDebt,20537999360
2656,LMT,quickRatio,0.974
2657,LMT,currentRatio,1.193
2658,LMT,totalRevenue,77013999616
2659,LMT,debtToEquity,234.238
2660,LMT,revenuePerShare,333.755
2661,LMT,returnOnAssets,0.08638
2662,LMT,returnOnEquity,0.89165
2663,LMT,grossProfits,9086000128
2664,LMT,freeCashflow,5562625024
2665,LMT,operatingCashflow,10401999872
2666,LMT,earningsGrowth,4.438
2667,LMT,revenueGrowth,0.105
2668,LMT,grossMargins,0.11798
2669,LMT,ebitdaMargins,0.12569
2670,LMT,operatingMargins,0.119569995
2671,LMT,financialCurrency,USD
2672,LMT,symbol,LMT
2673,LMT,language,en-US
2674,LMT,region,US
2675,LMT,typeDisp,Equity
2676,LMT,quoteSourceName,Delayed Quote
2677,LMT,triggerable,True
2678,LMT,customPriceAlertConfidence,HIGH
2679,LMT,shortName,Lockheed Martin Corporation
2680,LMT,longName,Lockheed Martin Corporation
2681,LMT,marketState,CLOSED
2682,LMT,hasPrePostMarketData,True
2683,LMT,firstTradeDateMilliseconds,-252322200000
2684,LMT,postMarketChangePercent,0.3858661
2685,LMT,postMarketPrice,584.9886
2686,LMT,postMarketChange,2.2485962
2687,LMT,regularMarketChange,8.63
2688,LMT,regularMarketDayRange,570.89 - 583.885
2689,LMT,fullExchangeName,NYSE
2690,LMT,averageDailyVolume3Month,1298109
2691,LMT,fiftyTwoWeekLowChange,163.73999
2692,LMT,fiftyTwoWeekLowChangePercent,0.39078757
2693,LMT,fiftyTwoWeekRange,419.0 - 692.0
2694,LMT,fiftyTwoWeekHighChange,-109.26001
2695,LMT,fiftyTwoWeekHighChangePercent,-0.15789019
2696,LMT,fiftyTwoWeekChangePercent,37.535988
2697,LMT,dividendDate,1790294400
2698,LMT,earningsTimestamp,1784809800
2699,LMT,earningsTimestampStart,1792499400
2700,LMT,earningsTimestampEnd,1792499400
2701,LMT,earningsCallTimestampStart,1784809800
2702,LMT,earningsCallTimestampEnd,1784809800
2703,LMT,isEarningsDateEstimate,True
2704,LMT,epsTrailingTwelveMonths,27.1
2705,LMT,epsForward,32.71289
2706,LMT,epsCurrentYear,30.45698
2707,LMT,priceEpsCurrentYear,19.133217
2708,LMT,fiftyDayAverageChange,54.054565
2709,LMT,fiftyDayAverageChangePercent,0.10224334
2710,LMT,twoHundredDayAverageChange,37.652405
2711,LMT,twoHundredDayAverageChangePercent,0.06907588
2712,LMT,sourceInterval,15
2713,LMT,exchangeDataDelayedBy,0
2714,LMT,averageAnalystRating,2.5 - Hold
2715,LMT,cryptoTradeable,False
2716,LMT,corporateActions,"[{'header': 'Dividend', 'message': 'LMT announced a cash dividend of $3.45 with an ex-date of Sep. 1, 2026', 'meta': {'eventType': 'DIVIDEND', 'dateEpochMs': 1788235200000, 'amount': '3.45'}}]"
2717,LMT,postMarketTime,1785542400
2718,LMT,regularMarketTime,1785528113
2719,LMT,exchange,NYQ
2720,LMT,messageBoardId,finmb_285827
2721,LMT,exchangeTimezoneName,America/New_York
2722,LMT,exchangeTimezoneShortName,EDT
2723,LMT,gmtOffSetMilliseconds,-14400000
2724,LMT,market,us_market
2725,LMT,esgPopulated,False
2726,LMT,regularMarketChangePercent,1.5032
2727,LMT,regularMarketPrice,582.74
2728,LMT,displayName,Lockheed Martin
2729,LMT,trailingPegRatio,1.206
2730,SONY,address1,1-7-1 Konan Minato-ku
2731,SONY,address2,Minato-ku
2732,SONY,city,Tokyo
2733,SONY,zip,108-0075
2734,SONY,country,Japan
2735,SONY,phone,81 3 6748 2111
2736,SONY,website,https://www.sony.com
2737,SONY,industry,Consumer Electronics
2738,SONY,industryKey,consumer-electronics
2739,SONY,industryDisp,Consumer Electronics
2740,SONY,sector,Technology
2741,SONY,sectorKey,technology
2742,SONY,sectorDisp,Technology
2743,SONY,longBusinessSummary,"Sony Group Corporation develops, designs, produces, manufactures, supplies, and sells electronic equipment, instruments, and devices for consumer, professional, and industrial use in Japan, the United States, Europe, China, the Asia-Pacific, and internationally. The company operates through Game & Network Services, Music, Pictures, Entertainment Technology & Services, and Imaging & Sensing Solutions. It develops, designs, produces, manufactures, provides, and sells smartphones and image sensors; plans, produces, manufactures, and sells music software, performances and merchandise, song lyrics and music management, licensing, animation works, and game applications. The company is also involved in the production, acquisition, sale, and distribution of motion pictures and television programs; operates television networks and direct-to-consumer distribution services; insurance business, including life insurance and non-life insurance; internet banking; production and sale of digital software add-on content; manufacturing and sales of home video game consoles; and interchangeable lens, projectors, and medical equipment. It has a strategic partnership with TCL Electronics Holdings Limited in the home entertainment sector; and a non-binding memorandum of understanding with Taiwan Semiconductor Manufacturing Company Limited for a strategic partnership regarding the development and manufacturing of image sensors. The company was formerly known as Sony Corporation and changed its name to Sony Group Corporation in April 2021. Sony Group Corporation was incorporated in 1946 and is headquartered in Tokyo, Japan."
2744,SONY,fullTimeEmployees,94900
2745,SONY,companyOfficers,"[{'maxAge': 1, 'name': 'Mr. Kenichiro  Yoshida', 'age': 66, 'title': 'Executive Chairman', 'yearBorn': 1959, 'fiscalYear': 2026, 'totalPay': 1295808, 'exercisedValue': 0, 'unexercisedValue': 0}, {'maxAge': 1, 'name': 'Mr. Hiroki  Totoki', 'age': 61, 'title': 'President, CEO, Director & Representative Corporate Executive Officer', 'yearBorn': 1964, 'fiscalYear': 2026, 'totalPay': 3881072, 'exercisedValue': 0, 'unexercisedValue': 0}, {'maxAge': 1, 'name': 'Ms. Lin  Tao', 'age': 52, 'title': 'CFO, Corporate Executive Officer & Director', 'yearBorn': 1973, 'fiscalYear': 2026, 'totalPay': 1035376, 'exercisedValue': 0, 'unexercisedValue': 0}, {'maxAge': 1, 'name': 'Mr. Toshimoto  Mitomo', 'age': 62, 'title': 'CSO, Rep. Corp. Exec Off, Legal, Comp, Priv., IP, Strat., Bus. Sust., Ext. Rel., BIP, CP & Mob. Bus', 'yearBorn': 1963, 'fiscalYear': 2026, 'totalPay': 927392, 'exercisedValue': 0, 'unexercisedValue': 0}, {'maxAge': 1, 'name': 'Yasuhiro  Ito', 'age': 54, 'title': 'Chief People Officer, Corporate Exec Off. & Officer in charge of Human Res. & General Affairs', 'yearBorn': 1971, 'fiscalYear': 2026, 'totalPay': 705072, 'exercisedValue': 0, 'unexercisedValue': 0}, {'maxAge': 1, 'name': 'Mr. Tsuyoshi  Kodera', 'age': 56, 'title': 'Chief Digital Officer, Corporate Exe. Officer and Officer in charge of Digital & Technology', 'yearBorn': 1969, 'fiscalYear': 2026, 'totalPay': 851168, 'exercisedValue': 0, 'unexercisedValue': 0}, {'maxAge': 1, 'name': 'Mr. Hirotoshi  Korenaga', 'age': 60, 'title': 'Senior Vice President of Accounting', 'yearBorn': 1965, 'fiscalYear': 2026, 'exercisedValue': 0, 'unexercisedValue': 0}, {'maxAge': 1, 'name': 'Dr. Hiroaki  Kitano Ph.D.', 'age': 64, 'title': 'Chief Technology Fellow', 'yearBorn': 1961, 'fiscalYear': 2026, 'totalPay': 730480, 'exercisedValue': 0, 'unexercisedValue': 0}, {'maxAge': 1, 'name': 'Mr. J. Justin Hill', 'title': 'Senior Vice President of Finance & Investor Relations and Head of Investor Relations', 'fiscalYear': 2026, 'exercisedValue': 0, 'unexercisedValue': 0}, {'maxAge': 1, 'name': 'Mr. Robert  Lawson', 'title': 'Senior Vice President of Corporate Communications', 'fiscalYear': 2026, 'exercisedValue': 0, 'unexercisedValue': 0}]"
2746,SONY,compensationAsOfEpochDate,1798675200
2747,SONY,executiveTeam,[]
2748,SONY,maxAge,86400
2749,SONY,priceHint,2
2750,SONY,previousClose,22.77
2751,SONY,open,23.89
2752,SONY,dayLow,22.64
2753,SONY,dayHigh,23.9749
2754,SONY,regularMarketPreviousClose,22.77
2755,SONY,regularMarketOpen,23.89
2756,SONY,regularMarketDayLow,22.64
2757,SONY,regularMarketDayHigh,23.9749
2758,SONY,dividendRate,0.16
2759,SONY,dividendYield,0.68
2760,SONY,exDividendDate,1774828800
2761,SONY,payoutRatio,0.131
2762,SONY,fiveYearAvgDividendYield,0.61
2763,SONY,beta,0.744
2764,SONY,trailingPE,20.40351
2765,SONY,forwardPE,19.546217
2766,SONY,volume,9664398
2767,SONY,regularMarketVolume,9664398
2768,SONY,averageVolume,6578850
2769,SONY,averageVolume10days,6286230
2770,SONY,averageDailyVolume10Day,6286230
2771,SONY,bid,23.25
2772,SONY,ask,23.26
2773,SONY,bidSize,4200
2774,SONY,askSize,6400
2775,SONY,marketCap,136593465344
2776,SONY,nonDilutedMarketCap,138820312096
2777,SONY,fiftyTwoWeekLow,19.32
2778,SONY,fiftyTwoWeekHigh,30.34
2779,SONY,allTimeHigh,31.475
2780,SONY,allTimeLow,0.318182
2781,SONY,priceToSalesTrailing12Months,0.01075897
2782,SONY,fiftyDayAverage,21.2538
2783,SONY,twoHundredDayAverage,23.39165
2784,SONY,trailingAnnualDividendRate,25.0
2785,SONY,trailingAnnualDividendYield,1.0979359
2786,SONY,currency,USD
2787,SONY,tradeable,False
2788,SONY,enterpriseValue,242851463168
2789,SONY,profitMargins,-0.01746
2790,SONY,floatShares,5870465433
2791,SONY,sharesOutstanding,5872462070
2792,SONY,sharesShort,14876415
2793,SONY,sharesShortPriorMonth,14715591
2794,SONY,sharesShortPreviousMonthDate,1781481600
2795,SONY,dateShortInterest,1784073600
2796,SONY,sharesPercentSharesOut,0.0025
2797,SONY,heldPercentInsiders,1.0000001e-05
2798,SONY,heldPercentInstitutions,0.08618
2799,SONY,shortRatio,2.86
2800,SONY,shortPercentOfFloat,0.0025
2801,SONY,impliedSharesOutstanding,5872462070
2802,SONY,bookValue,8.414949
2803,SONY,priceToBook,2.7641284
2804,SONY,lastFiscalYearEnd,1774915200
2805,SONY,nextFiscalYearEnd,1806451200
2806,SONY,mostRecentQuarter,1782777600
2807,SONY,earningsQuarterlyGrowth,0.444
2808,SONY,netIncomeToCommon,1114027065344
2809,SONY,trailingEps,1.14
2810,SONY,forwardEps,1.19
2811,SONY,pegRatio,2.12
2812,SONY,lastSplitFactor,5:1
2813,SONY,lastSplitDate,1728432000
2814,SONY,enterpriseToRevenue,0.019
2815,SONY,enterpriseToEbitda,0.117
2816,SONY,52WeekChange,-0.060581565
2817,SONY,SandP52WeekChange,0.18322134
2818,SONY,lastDividendValue,0.07
2819,SONY,lastDividendDate,1743379200
2820,SONY,quoteType,EQUITY
2821,SONY,currentPrice,23.26
2822,SONY,targetHighPrice,34.0
2823,SONY,targetLowPrice,22.0
2824,SONY,targetMeanPrice,29.375
2825,SONY,targetMedianPrice,30.75
2826,SONY,recommendationKey,none
2827,SONY,numberOfAnalystOpinions,4
2828,SONY,totalCash,2170018988032
2829,SONY,totalCashPerShare,369.525
2830,SONY,ebitda,2079234064384
2831,SONY,totalDebt,1870597980160
2832,SONY,quickRatio,0.818
2833,SONY,currentRatio,1.245
2834,SONY,totalRevenue,12695775477760
2835,SONY,debtToEquity,21.318
2836,SONY,revenuePerShare,2135.307
2837,SONY,returnOnAssets,0.042529996
2838,SONY,returnOnEquity,0.13159999
2839,SONY,grossProfits,4094076125184
2840,SONY,freeCashflow,3351335403520
2841,SONY,operatingCashflow,2065723031552
2842,SONY,earningsGrowth,0.476
2843,SONY,revenueGrowth,0.082
2844,SONY,grossMargins,0.32248002
2845,SONY,ebitdaMargins,0.16377
2846,SONY,operatingMargins,0.16721001
2847,SONY,financialCurrency,JPY
2848,SONY,symbol,SONY
2849,SONY,language,en-US
2850,SONY,region,US
2851,SONY,typeDisp,Equity
2852,SONY,quoteSourceName,Nasdaq Real Time Price
2853,SONY,triggerable,True
2854,SONY,customPriceAlertConfidence,HIGH
2855,SONY,shortName,Sony Group Corporation
2856,SONY,longName,Sony Group Corporation
2857,SONY,regularMarketDayRange,22.64 - 23.9749
2858,SONY,fullExchangeName,NYSE
2859,SONY,averageDailyVolume3Month,6578850
2860,SONY,fiftyTwoWeekLowChange,3.9400005
2861,SONY,fiftyTwoWeekLowChangePercent,0.20393378
2862,SONY,fiftyTwoWeekRange,19.32 - 30.34
2863,SONY,fiftyTwoWeekHighChange,-7.08
2864,SONY,fiftyTwoWeekHighChangePercent,-0.2333553
2865,SONY,fiftyTwoWeekChangePercent,-6.0581565
2866,SONY,dividendDate,1780876800
2867,SONY,earningsTimestamp,1785501000
2868,SONY,earningsTimestampStart,1785501000
2869,SONY,earningsTimestampEnd,1785501000
2870,SONY,earningsCallTimestampStart,1747206000
2871,SONY,earningsCallTimestampEnd,1747206000
2872,SONY,isEarningsDateEstimate,False
2873,SONY,epsTrailingTwelveMonths,1.14
2874,SONY,epsForward,1.19
2875,SONY,fiftyDayAverageChange,2.0062008
2876,SONY,fiftyDayAverageChangePercent,0.094392575
2877,SONY,twoHundredDayAverageChange,-0.13164902
2878,SONY,twoHundredDayAverageChangePercent,-0.005628035
2879,SONY,sourceInterval,15
2880,SONY,exchangeDataDelayedBy,0
2881,SONY,prevName,Sony Corporation
2882,SONY,nameChangeDate,2026-08-01
2883,SONY,cryptoTradeable,False
2884,SONY,hasPrePostMarketData,True
2885,SONY,firstTradeDateMilliseconds,99153000000
2886,SONY,postMarketChangePercent,0.11608094
2887,SONY,postMarketPrice,23.287
2888,SONY,postMarketChange,0.027000427
2889,SONY,regularMarketChange,0.49
2890,SONY,exchange,NYQ
2891,SONY,messageBoardId,finmb_23021
2892,SONY,exchangeTimezoneName,America/New_York
2893,SONY,exchangeTimezoneShortName,EDT
2894,SONY,gmtOffSetMilliseconds,-14400000
2895,SONY,market,us_market
2896,SONY,esgPopulated,False
2897,SONY,marketState,CLOSED
2898,SONY,corporateActions,[]
2899,SONY,postMarketTime,1785542339
2900,SONY,regularMarketTime,1785528002
2901,SONY,regularMarketChangePercent,2.15195
2902,SONY,regularMarketPrice,23.26
2903,SONY,displayName,Sony
2904,SONY,trailingPegRatio,2.1542
2905,SSNLF,address1,"129, Samsung-ro"
2906,SSNLF,address2,Yeongtong-gu
2907,SSNLF,city,Suwon-si
2908,SSNLF,zip,16677
2909,SSNLF,country,South Korea
2910,SSNLF,phone,82 10 3060 0730
2911,SSNLF,fax,82 3 1200 7538
2912,SSNLF,website,https://www.samsung.com
2913,SSNLF,industry,Consumer Electronics
2914,SSNLF,industryKey,consumer-electronics
2915,SSNLF,industryDisp,Consumer Electronics
2916,SSNLF,sector,Technology
2917,SSNLF,sectorKey,technology
2918,SSNLF,sectorDisp,Technology
2919,SSNLF,longBusinessSummary,"Samsung Electronics Co., Ltd. engages in the consumer electronics, information technology and mobile communications, and device solutions businesses worldwide. The company operates through four divisions: Device eXperience (DX), Device Solutions (DS), SDC, and Harman. The company offers smartphones, tablets, audio sounds, watches, switches, and accessories; TVs, and sound devices; appliances, including refrigerators, washing machines and dryers, vacuum cleaners, cooking appliances, dishwashers, air conditioners, and air purifiers; monitors and memory storage products; displays, and smart and LED signages; and other accessories. It also engages in venture capital investments, cloud services, network devices installation, semiconductor equipment services, digital advertising platforms, marketing, consulting, connected services provider, logistics, financing, and software design activities. In addition, the company provides toll processing and sales of semiconductors and display panels; development and sale of network solutions; manufacture of semiconductors and food; the provision of repair services for electronic devices; and development and supply of semiconductor process defect and quality control software, as well as digital televisions, foundry, system large scale integration (LSI). Further, it provides connected car systems, audio and visual products, enterprise automation solutions, and connected services. Samsung Electronics Co., Ltd. was incorporated in 1969 and is based in Suwon-si, South Korea."
2920,SSNLF,companyOfficers,"[{'maxAge': 1, 'name': 'Mr. Hark-Kyu  Park', 'age': 61, 'title': 'President & Head of Corporate Management Office at DX Division', 'yearBorn': 1964, 'fiscalYear': 2024, 'totalPay': 2352238, 'exercisedValue': 0, 'unexercisedValue': 0}, {'maxAge': 1, 'name': 'Si-young  Choi', 'title': 'President & Head of Foundry Business', 'fiscalYear': 2024, 'totalPay': 4850700, 'exercisedValue': 0, 'unexercisedValue': 0}, {'maxAge': 1, 'name': 'Mr. Hyun-Chong  Kim', 'title': 'President and Chief Legal Officer', 'fiscalYear': 2024, 'exercisedValue': 0, 'unexercisedValue': 0}, {'maxAge': 1, 'name': 'Kyungwhoon  Cheun', 'title': 'President', 'fiscalYear': 2024, 'exercisedValue': 0, 'unexercisedValue': 0}, {'maxAge': 1, 'name': 'Mr. Mauro  Porcini', 'title': 'President & Chief Design Officer', 'fiscalYear': 2024, 'exercisedValue': 0, 'unexercisedValue': 0}, {'maxAge': 1, 'name': 'Mr. Soon-Cheol  Park', 'age': 59, 'title': 'Executive VP & CFO', 'yearBorn': 1966, 'fiscalYear': 2024, 'exercisedValue': 0, 'unexercisedValue': 0}, {'maxAge': 1, 'name': 'Mr. Janghyun  Yoon', 'title': 'President, CTO of Device eXperience Division & Head of Samsung Research', 'fiscalYear': 2024, 'exercisedValue': 0, 'unexercisedValue': 0}, {'maxAge': 1, 'name': 'Mr. Robert M. Yi', 'title': 'Head of Investor Relations', 'fiscalYear': 2024, 'exercisedValue': 0, 'unexercisedValue': 0}, {'maxAge': 1, 'name': 'Mr. Jung-ho  Park', 'age': 54, 'title': 'Head of Compliance Team & Executive VP', 'yearBorn': 1971, 'fiscalYear': 2024, 'exercisedValue': 0, 'unexercisedValue': 0}, {'maxAge': 1, 'name': 'Jung-Suk  Kim', 'title': 'Managing Director and Director of Corporate Communications', 'fiscalYear': 2024, 'exercisedValue': 0, 'unexercisedValue': 0}]"
2921,SSNLF,auditRisk,1
2922,SSNLF,boardRisk,2
2923,SSNLF,compensationRisk,1
2924,SSNLF,shareHolderRightsRisk,1
2925,SSNLF,overallRisk,1
2926,SSNLF,governanceEpochDate,1785542400
2927,SSNLF,compensationAsOfEpochDate,1735603200
2928,SSNLF,executiveTeam,[]
2929,SSNLF,maxAge,86400
2930,SSNLF,priceHint,2
2931,SSNLF,previousClose,65.21
2932,SSNLF,open,40.5999
2933,SSNLF,dayLow,40.5999
2934,SSNLF,dayHigh,40.5999
2935,SSNLF,regularMarketPreviousClose,65.21
2936,SSNLF,regularMarketOpen,40.5999
2937,SSNLF,regularMarketDayLow,40.5999
2938,SSNLF,regularMarketDayHigh,40.5999
2939,SSNLF,dividendRate,1.57
2940,SSNLF,dividendYield,2.41
2941,SSNLF,exDividendDate,1782691200
2942,SSNLF,payoutRatio,0.3027
2943,SSNLF,fiveYearAvgDividendYield,1.44
2944,SSNLF,beta,1.479
2945,SSNLF,trailingPE,19.523952
2946,SSNLF,forwardPE,14.686936
2947,SSNLF,volume,200
2948,SSNLF,regularMarketVolume,200
2949,SSNLF,averageVolume,0
2950,SSNLF,averageVolume10days,0
2951,SSNLF,averageDailyVolume10Day,0
2952,SSNLF,bid,0.0
2953,SSNLF,ask,0.0
2954,SSNLF,bidSize,0
2955,SSNLF,askSize,0
2956,SSNLF,marketCap,428205604864
2957,SSNLF,nonDilutedMarketCap,1171343537522
2958,SSNLF,fiftyTwoWeekLow,40.5999
2959,SSNLF,fiftyTwoWeekHigh,65.21
2960,SSNLF,allTimeHigh,684.7758
2961,SSNLF,allTimeLow,2.42646
2962,SSNLF,priceToSalesTrailing12Months,0.0008824635
2963,SSNLF,fiftyDayAverage,65.21
2964,SSNLF,twoHundredDayAverage,63.856445
2965,SSNLF,trailingAnnualDividendRate,936.0
2966,SSNLF,trailingAnnualDividendYield,14.353627
2967,SSNLF,currency,USD
2968,SSNLF,tradeable,False
2969,SSNLF,enterpriseValue,-166667011227648
2970,SSNLF,profitMargins,0.30858
2971,SSNLF,floatShares,5225826103
2972,SSNLF,sharesOutstanding,5764191903
2973,SSNLF,heldPercentInsiders,0.0967
2974,SSNLF,heldPercentInstitutions,0.43535
2975,SSNLF,impliedSharesOutstanding,6566563106
2976,SSNLF,bookValue,47.852028
2977,SSNLF,priceToBook,1.3627427
2978,SSNLF,lastFiscalYearEnd,1767139200
2979,SSNLF,nextFiscalYearEnd,1798675200
2980,SSNLF,mostRecentQuarter,1782777600
2981,SSNLF,earningsQuarterlyGrowth,13.551
2982,SSNLF,netIncomeToCommon,149733733564416
2983,SSNLF,trailingEps,3.34
2984,SSNLF,forwardEps,4.44
2985,SSNLF,pegRatio,0.43
2986,SSNLF,lastSplitFactor,50:1
2987,SSNLF,lastSplitDate,1525392000
2988,SSNLF,enterpriseToRevenue,-0.343
2989,SSNLF,enterpriseToEbitda,-0.734
2990,SSNLF,52WeekChange,0.6061616
2991,SSNLF,SandP52WeekChange,0.18322134
2992,SSNLF,lastDividendValue,374.0
2993,SSNLF,lastDividendDate,1782691200
2994,SSNLF,quoteType,EQUITY
2995,SSNLF,currentPrice,65.21
2996,SSNLF,recommendationKey,none
2997,SSNLF,totalCash,189999001632768
2998,SSNLF,totalCashPerShare,28809.84
2999,SSNLF,ebitda,226982361038848
3000,SSNLF,totalDebt,22408700362752
3001,SSNLF,quickRatio,6.029
3002,SSNLF,currentRatio,7.531
3003,SSNLF,totalRevenue,485238895542272
3004,SSNLF,debtToEquity,3.868
3005,SSNLF,revenuePerShare,73577.516
3006,SSNLF,returnOnAssets,0.17692
3007,SSNLF,returnOnEquity,0.30792
3008,SSNLF,grossProfits,278953025601536
3009,SSNLF,freeCashflow,56693408923648
3010,SSNLF,operatingCashflow,196778389405696
3011,SSNLF,earningsGrowth,13.669
3012,SSNLF,revenueGrowth,1.299
3013,SSNLF,grossMargins,0.57488
3014,SSNLF,ebitdaMargins,0.46777
3015,SSNLF,operatingMargins,0.52187
3016,SSNLF,financialCurrency,KRW
3017,SSNLF,symbol,SSNLF
3018,SSNLF,language,en-US
3019,SSNLF,region,US
3020,SSNLF,typeDisp,Equity
3021,SSNLF,quoteSourceName,Delayed Quote
3022,SSNLF,triggerable,False
3023,SSNLF,customPriceAlertConfidence,LOW
3024,SSNLF,shortName,SAMSUNG ELECTRONICS CO
3025,SSNLF,longName,"Samsung Electronics Co., Ltd."
3026,SSNLF,marketState,CLOSED
3027,SSNLF,hasPrePostMarketData,False
3028,SSNLF,firstTradeDateMilliseconds,997104600000
3029,SSNLF,regularMarketChange,0.0
3030,SSNLF,regularMarketDayRange,40.5999 - 40.5999
3031,SSNLF,fullExchangeName,OTC Markets OTCPK
3032,SSNLF,averageDailyVolume3Month,0
3033,SSNLF,fiftyTwoWeekLowChange,24.6101
3034,SSNLF,fiftyTwoWeekLowChangePercent,0.6061616
3035,SSNLF,fiftyTwoWeekRange,40.5999 - 65.21
3036,SSNLF,fiftyTwoWeekHighChange,0.0
3037,SSNLF,fiftyTwoWeekHighChangePercent,0.0
3038,SSNLF,fiftyTwoWeekChangePercent,60.616158
3039,SSNLF,earningsTimestamp,1785355200
3040,SSNLF,earningsTimestampStart,1793217600
3041,SSNLF,earningsTimestampEnd,1793217600
3042,SSNLF,earningsCallTimestampStart,1785373200
3043,SSNLF,earningsCallTimestampEnd,1785373200
3044,SSNLF,isEarningsDateEstimate,True
3045,SSNLF,epsTrailingTwelveMonths,3.34
3046,SSNLF,epsForward,4.44
3047,SSNLF,fiftyDayAverageChange,0.0
3048,SSNLF,fiftyDayAverageChangePercent,0.0
3049,SSNLF,twoHundredDayAverageChange,1.3535538
3050,SSNLF,twoHundredDayAverageChangePercent,0.021196824
3051,SSNLF,sourceInterval,15
3052,SSNLF,exchangeDataDelayedBy,0
3053,SSNLF,cryptoTradeable,False
3054,SSNLF,corporateActions,[]
3055,SSNLF,regularMarketTime,1785528000
3056,SSNLF,exchange,PNK
3057,SSNLF,messageBoardId,finmb_91868
3058,SSNLF,exchangeTimezoneName,America/New_York
3059,SSNLF,exchangeTimezoneShortName,EDT
3060,SSNLF,gmtOffSetMilliseconds,-14400000
3061,SSNLF,market,us_market
3062,SSNLF,esgPopulated,False
3063,SSNLF,regularMarketChangePercent,0.0
3064,SSNLF,regularMarketPrice,65.21
3065,SSNLF,displayName,Samsung Electronics
3066,SSNLF,trailingPegRatio,0.4337
3067,NVO,address1,Novo Alle 1
3068,NVO,city,Bagsvaerd
3069,NVO,zip,2880
3070,NVO,country,Denmark
3071,NVO,phone,45 44 44 88 88
3072,NVO,website,https://www.novonordisk.com
3073,NVO,industry,Drug Manufacturers - General
3074,NVO,industryKey,drug-manufacturers-general
3075,NVO,industryDisp,Drug Manufacturers - General
3076,NVO,sector,Healthcare
3077,NVO,sectorKey,healthcare
3078,NVO,sectorDisp,Healthcare
3079,NVO,longBusinessSummary,"Novo Nordisk A/S, together with its subsidiaries, engages in the research and development, manufacture, and distribution of pharmaceutical products. It operates through two segments, Obesity and Diabetes Care, and Rare Disease. The Obesity and Diabetes care segment provides products for diabetes, obesity, cardiovascular, and other emerging therapy areas. The Rare Disease segment offers products in the areas of rare blood disorders, rare endocrine disorders, and hormone replacement therapy. The company also provides NovoPen 6 and NovoPen Echo Plus, smart insulin pens; Dose Check, an insulin dose guidance application; growth hormone pens and injection needles; and Wegovy pill an oral glucagon-like peptide-1 (GLP-1) receptor agonist therapy for weight management. It operates in Europe, Canada, the United States, Japan, Korea, Oceania, Southeast Asia, Mainland China, Hong Kong and Taiwan, Latin America, the Middle East, and Africa. Novo Nordisk A/S was founded in 1923 and is headquartered in Bagsvaerd, Denmark."
3080,NVO,fullTimeEmployees,67900
3081,NVO,companyOfficers,"[{'maxAge': 1, 'name': 'Mr. Karsten Munk Knudsen', 'age': 54, 'title': 'Executive VP, CFO & Member of the Management Board', 'yearBorn': 1971, 'fiscalYear': 2024, 'totalPay': 2651122, 'exercisedValue': 0, 'unexercisedValue': 0}, {'maxAge': 1, 'name': 'Mr. Maziar Mike Doustdar B.A.', 'age': 55, 'title': 'President, CEO & Member of the Management Board', 'yearBorn': 1970, 'fiscalYear': 2024, 'exercisedValue': 0, 'unexercisedValue': 0}, {'maxAge': 1, 'name': 'Dr. Martin Holst Lange', 'age': 55, 'title': 'EVP of R&D, Chief Scientific Officer and Member of the Management Board', 'yearBorn': 1970, 'fiscalYear': 2024, 'totalPay': 1880447, 'exercisedValue': 0, 'unexercisedValue': 0}, {'maxAge': 1, 'name': 'Ms. Tania  Sabroe', 'age': 48, 'title': 'EVP of People, Organisation and Corporate Affairs & Member of Management Board', 'yearBorn': 1977, 'fiscalYear': 2024, 'exercisedValue': 0, 'unexercisedValue': 0}, {'maxAge': 1, 'name': 'Ms. Thilde Hummel Bogebjerg', 'age': 43, 'title': 'Executive VP of Enterprise IT & Quality and Member of Management Board', 'yearBorn': 1982, 'fiscalYear': 2024, 'exercisedValue': 0, 'unexercisedValue': 0}, {'maxAge': 1, 'name': 'Mr. John F. Kuckelman', 'age': 53, 'title': 'SVP, Group General Counsel, Global Legal, IP & Security and Member of Management Board', 'yearBorn': 1972, 'fiscalYear': 2024, 'exercisedValue': 0, 'unexercisedValue': 0}, {'maxAge': 1, 'name': 'Mr. Emil Kongshoej Larsen', 'age': 50, 'title': 'EVP of International Operations & Member of Management Board', 'yearBorn': 1975, 'fiscalYear': 2024, 'exercisedValue': 0, 'unexercisedValue': 0}, {'maxAge': 1, 'name': 'Ms. Elin  Jager', 'age': 39, 'title': 'SVP, Chief of Staff to CEO, Corporate Strategy & Sustainability and Member of Management Board', 'yearBorn': 1986, 'fiscalYear': 2024, 'exercisedValue': 0, 'unexercisedValue': 0}, {'maxAge': 1, 'name': 'Mr. Jamey  Millar', 'age': 57, 'title': 'Executive VP of US Operations & Member of Management Board', 'yearBorn': 1968, 'fiscalYear': 2024, 'exercisedValue': 0, 'unexercisedValue': 0}, {'maxAge': 1, 'name': 'Ms. Hong  Chow', 'age': 54, 'title': 'Executive VP of Product & Portfolio Strategy and Member of Management Board', 'yearBorn': 1971, 'fiscalYear': 2024, 'exercisedValue': 0, 'unexercisedValue': 0}]"
3082,NVO,compensationAsOfEpochDate,1735603200
3083,NVO,irWebsite,http://www.novonordisk.com/investors/default.asp
3084,NVO,executiveTeam,[]
3085,NVO,maxAge,86400
3086,NVO,priceHint,2
3087,NVO,previousClose,51.61
3088,NVO,open,47.4
3089,NVO,dayLow,46.44
3090,NVO,dayHigh,47.59
3091,NVO,regularMarketPreviousClose,51.61
3092,NVO,regularMarketOpen,47.4
3093,NVO,regularMarketDayLow,46.44
3094,NVO,regularMarketDayHigh,47.59
3095,NVO,dividendRate,1.8
3096,NVO,dividendYield,3.83
3097,NVO,exDividendDate,1774828800
3098,NVO,payoutRatio,0.4259
3099,NVO,fiveYearAvgDividendYield,1.79
3100,NVO,beta,0.36
3101,NVO,trailingPE,11.209525
3102,NVO,forwardPE,14.374557
3103,NVO,volume,25172261
3104,NVO,regularMarketVolume,25172261
3105,NVO,averageVolume,12521093
3106,NVO,averageVolume10days,10273130
3107,NVO,averageDailyVolume10Day,10273130
3108,NVO,bid,46.91
3109,NVO,ask,47.0
3110,NVO,bidSize,1000
3111,NVO,askSize,4200
3112,NVO,marketCap,208182853632
3113,NVO,nonDilutedMarketCap,208901151063
3114,NVO,fiftyTwoWeekLow,35.12
3115,NVO,fiftyTwoWeekHigh,64.16
3116,NVO,allTimeHigh,148.15
3117,NVO,allTimeLow,0.08625
3118,NVO,priceToSalesTrailing12Months,0.63509107
3119,NVO,fiftyDayAverage,46.8356
3120,NVO,twoHundredDayAverage,46.94515
3121,NVO,trailingAnnualDividendRate,11.7
3122,NVO,trailingAnnualDividendYield,0.22670025
3123,NVO,currency,USD
3124,NVO,tradeable,False
3125,NVO,enterpriseValue,333910933504
3126,NVO,profitMargins,0.37205002
3127,NVO,floatShares,3183393366
3128,NVO,sharesOutstanding,3347023520
3129,NVO,sharesShort,31094150
3130,NVO,sharesShortPriorMonth,24478152
3131,NVO,sharesShortPreviousMonthDate,1781481600
3132,NVO,dateShortInterest,1784073600
3133,NVO,sharesPercentSharesOut,0.0069999998
3134,NVO,heldPercentInsiders,3.0000001e-05
3135,NVO,heldPercentInstitutions,0.099209994
3136,NVO,shortRatio,2.84
3137,NVO,shortPercentOfFloat,0.0098
3138,NVO,impliedSharesOutstanding,4421895520
3139,NVO,bookValue,7.010801
3140,NVO,priceToBook,6.715353
3141,NVO,lastFiscalYearEnd,1767139200
3142,NVO,nextFiscalYearEnd,1798675200
3143,NVO,mostRecentQuarter,1774915200
3144,NVO,earningsQuarterlyGrowth,0.672
3145,NVO,netIncomeToCommon,121956999168
3146,NVO,trailingEps,4.2
3147,NVO,forwardEps,3.2752316
3148,NVO,pegRatio,3.16
3149,NVO,lastSplitFactor,2:1
3150,NVO,lastSplitDate,1695168000
3151,NVO,enterpriseToRevenue,1.019
3152,NVO,enterpriseToEbitda,1.92
3153,NVO,52WeekChange,-0.035443544
3154,NVO,SandP52WeekChange,0.18322134
3155,NVO,lastDividendValue,1.275
3156,NVO,lastDividendDate,1774828800
3157,NVO,quoteType,EQUITY
3158,NVO,currentPrice,47.08
3159,NVO,targetHighPrice,63.634174
3160,NVO,targetLowPrice,40.310303
3161,NVO,targetMeanPrice,47.836685
3162,NVO,targetMedianPrice,46.65307
3163,NVO,recommendationMean,2.42857
3164,NVO,recommendationKey,buy
3165,NVO,numberOfAnalystOpinions,12
3166,NVO,totalCash,21625999360
3167,NVO,totalCashPerShare,4.868
3168,NVO,ebitda,173876002816
3169,NVO,totalDebt,146381996032
3170,NVO,quickRatio,0.541
3171,NVO,currentRatio,0.788
3172,NVO,totalRevenue,327799996416
3173,NVO,debtToEquity,72.086
3174,NVO,revenuePerShare,73.766
3175,NVO,returnOnAssets,0.19249001
3176,NVO,returnOnEquity,0.71402
3177,NVO,grossProfits,272715005952
3178,NVO,freeCashflow,-12039249920
3179,NVO,operatingCashflow,118456000512
3180,NVO,earningsGrowth,0.671
3181,NVO,revenueGrowth,0.24
3182,NVO,grossMargins,0.83195996
3183,NVO,ebitdaMargins,0.53043
3184,NVO,operatingMargins,0.61574
3185,NVO,financialCurrency,DKK
3186,NVO,symbol,NVO
3187,NVO,language,en-US
3188,NVO,region,US
3189,NVO,typeDisp,Equity
3190,NVO,quoteSourceName,Nasdaq Real Time Price
3191,NVO,triggerable,True
3192,NVO,customPriceAlertConfidence,HIGH
3193,NVO,corporateActions,[]
3194,NVO,postMarketTime,1785542399
3195,NVO,regularMarketTime,1785528227
3196,NVO,exchange,NYQ
3197,NVO,messageBoardId,finmb_323452
3198,NVO,exchangeTimezoneName,America/New_York
3199,NVO,exchangeTimezoneShortName,EDT
3200,NVO,gmtOffSetMilliseconds,-14400000
3201,NVO,market,us_market
3202,NVO,esgPopulated,False
3203,NVO,regularMarketChangePercent,-8.77737
3204,NVO,regularMarketPrice,47.08
3205,NVO,marketState,CLOSED
3206,NVO,shortName,Novo Nordisk A/S
3207,NVO,longName,Novo Nordisk A/S
3208,NVO,fiftyDayAverageChange,0.24440002
3209,NVO,fiftyDayAverageChangePercent,0.005218253
3210,NVO,twoHundredDayAverageChange,0.13485336
3211,NVO,twoHundredDayAverageChangePercent,0.002872573
3212,NVO,sourceInterval,15
3213,NVO,exchangeDataDelayedBy,0
3214,NVO,averageAnalystRating,2.4 - Buy
3215,NVO,cryptoTradeable,False
3216,NVO,hasPrePostMarketData,True
3217,NVO,firstTradeDateMilliseconds,357485400000
3218,NVO,postMarketChangePercent,-0.33985484
3219,NVO,postMarketPrice,46.92
3220,NVO,postMarketChange,-0.16000366
3221,NVO,regularMarketChange,-4.53
3222,NVO,regularMarketDayRange,46.44 - 47.59
3223,NVO,fullExchangeName,NYSE
3224,NVO,averageDailyVolume3Month,12521093
3225,NVO,fiftyTwoWeekLowChange,11.960003
3226,NVO,fiftyTwoWeekLowChangePercent,0.3405468
3227,NVO,fiftyTwoWeekRange,35.12 - 64.16
3228,NVO,fiftyTwoWeekHighChange,-17.080002
3229,NVO,fiftyTwoWeekHighChangePercent,-0.26620948
3230,NVO,fiftyTwoWeekChangePercent,-3.5443544
3231,NVO,dividendDate,1775606400
3232,NVO,earningsTimestamp,1785933000
3233,NVO,earningsTimestampStart,1785933000
3234,NVO,earningsTimestampEnd,1785933000
3235,NVO,earningsCallTimestampStart,1785927600
3236,NVO,earningsCallTimestampEnd,1785927600
3237,NVO,isEarningsDateEstimate,False
3238,NVO,epsTrailingTwelveMonths,4.2
3239,NVO,epsForward,3.2752316
3240,NVO,epsCurrentYear,22.064
3241,NVO,priceEpsCurrentYear,2.1337929
3242,NVO,trailingPegRatio,3.1602
3243,SPY,longBusinessSummary,"The trust seeks to achieve its investment objective by holding a portfolio of the common stocks that are included in the index (the “Portfolio”), with the weight of each stock in the Portfolio substantially corresponding to the weight of such stock in the index."
3244,SPY,companyOfficers,[]
3245,SPY,executiveTeam,[]
3246,SPY,maxAge,86400
3247,SPY,priceHint,2
3248,SPY,previousClose,741.69
3249,SPY,open,744.68
3250,SPY,dayLow,737.68
3251,SPY,dayHigh,748.895
3252,SPY,regularMarketPreviousClose,741.69
3253,SPY,regularMarketOpen,744.68
3254,SPY,regularMarketDayLow,737.68
3255,SPY,regularMarketDayHigh,748.895
3256,SPY,trailingPE,26.870794
3257,SPY,volume,59137694
3258,SPY,regularMarketVolume,59137694
3259,SPY,averageVolume,52932945
3260,SPY,averageVolume10days,50643390
3261,SPY,averageDailyVolume10Day,50643390
3262,SPY,bid,744.11
3263,SPY,ask,744.6
3264,SPY,bidSize,320
3265,SPY,askSize,160
3266,SPY,yield,0.0101
3267,SPY,totalAssets,781188857856
3268,SPY,fiftyTwoWeekLow,625.58
3269,SPY,fiftyTwoWeekHigh,760.4
3270,SPY,allTimeHigh,760.4
3271,SPY,allTimeLow,42.8125
3272,SPY,fiftyDayAverage,744.99
3273,SPY,twoHundredDayAverage,700.3861
3274,SPY,trailingAnnualDividendRate,5.662
3275,SPY,trailingAnnualDividendYield,0.0076339175
3276,SPY,navPrice,746.6043
3277,SPY,currency,USD
3278,SPY,tradeable,False
3279,SPY,category,Large Blend
3280,SPY,ytdReturn,10.16428
3281,SPY,beta3Year,1.0
3282,SPY,fundFamily,State Street Investment Management
3283,SPY,fundInceptionDate,727660800
3284,SPY,legalType,Exchange Traded Fund
3285,SPY,threeYearAverageReturn,0.192041
3286,SPY,fiveYearAverageReturn,0.1276153
3287,SPY,quoteType,ETF
3288,SPY,symbol,SPY
3289,SPY,language,en-US
3290,SPY,region,US
3291,SPY,typeDisp,ETF
3292,SPY,quoteSourceName,Delayed Quote
3293,SPY,triggerable,True
3294,SPY,customPriceAlertConfidence,HIGH
3295,SPY,marketState,CLOSED
3296,SPY,corporateActions,[]
3297,SPY,postMarketTime,1785542399
3298,SPY,regularMarketTime,1785528000
3299,SPY,exchange,PCX
3300,SPY,messageBoardId,finmb_6160262
3301,SPY,exchangeTimezoneName,America/New_York
3302,SPY,exchangeTimezoneShortName,EDT
3303,SPY,gmtOffSetMilliseconds,-14400000
3304,SPY,market,us_market
3305,SPY,esgPopulated,False
3306,SPY,regularMarketChangePercent,0.719981
3307,SPY,regularMarketPrice,747.03
3308,SPY,shortName,State Street SPDR S&P 500 ETF T
3309,SPY,longName,State Street SPDR S&P 500 ETF Trust
3310,SPY,hasPrePostMarketData,True
3311,SPY,firstTradeDateMilliseconds,728317800000
3312,SPY,postMarketChangePercent,-0.37749586
3313,SPY,postMarketPrice,744.21
3314,SPY,postMarketChange,-2.8200073
3315,SPY,regularMarketChange,5.34003
3316,SPY,regularMarketDayRange,737.68 - 748.895
3317,SPY,fullExchangeName,NYSEArca
3318,SPY,financialCurrency,USD
3319,SPY,averageDailyVolume3Month,52932945
3320,SPY,fiftyTwoWeekLowChange,121.45001
3321,SPY,fiftyTwoWeekLowChangePercent,0.19413985
3322,SPY,fiftyTwoWeekRange,625.58 - 760.4
3323,SPY,fiftyTwoWeekHighChange,-13.369995
3324,SPY,fiftyTwoWeekHighChangePercent,-0.017582845
3325,SPY,fiftyTwoWeekChangePercent,18.356382
3326,SPY,dividendYield,1.01
3327,SPY,trailingThreeMonthReturns,15.16612
3328,SPY,trailingThreeMonthNavReturns,15.16612
3329,SPY,netAssets,781188860000.0
3330,SPY,epsTrailingTwelveMonths,27.800817
3331,SPY,sharesOutstanding,917782016
3332,SPY,bookValue,429.22
3333,SPY,fiftyDayAverageChange,2.040039
3334,SPY,fiftyDayAverageChangePercent,0.0027383443
3335,SPY,twoHundredDayAverageChange,46.64392
3336,SPY,twoHundredDayAverageChangePercent,0.06659744
3337,SPY,netExpenseRatio,0.0945
3338,SPY,priceToBook,1.7404362
3339,SPY,sourceInterval,15
3340,SPY,exchangeDataDelayedBy,0
3341,SPY,cryptoTradeable,False
3342,SPY,trailingPegRatio,
3343,VOO,phone,800-523-1036
3344,VOO,longBusinessSummary,"The fund manager employs an indexing investment approach designed to track the performance of the Standard & Poor's 500 Index, a widely recognized benchmark of U.S. stock market performance that is dominated by the stocks of large U.S. companies. The advisor attempts to replicate the target index by investing all, or substantially all, of its assets in the stocks that make up the index, holding each stock in approximately the same proportion as its weighting in the index. The fund is non-diversified."
3345,VOO,companyOfficers,[]
3346,VOO,executiveTeam,[]
3347,VOO,maxAge,86400
3348,VOO,priceHint,2
3349,VOO,previousClose,681.79
3350,VOO,open,684.5
3351,VOO,dayLow,678.065
3352,VOO,dayHigh,688.35
3353,VOO,regularMarketPreviousClose,681.79
3354,VOO,regularMarketOpen,684.5
3355,VOO,regularMarketDayLow,678.065
3356,VOO,regularMarketDayHigh,688.35
3357,VOO,trailingPE,26.904388
3358,VOO,volume,7168188
3359,VOO,regularMarketVolume,7168188
3360,VOO,averageVolume,7968929
3361,VOO,averageVolume10days,5623580
3362,VOO,averageDailyVolume10Day,5623580
3363,VOO,bid,684.0
3364,VOO,ask,684.85
3365,VOO,bidSize,200
3366,VOO,askSize,240
3367,VOO,yield,0.0107
3368,VOO,totalAssets,1670882131968
3369,VOO,fiftyTwoWeekLow,575.08
3370,VOO,fiftyTwoWeekHigh,699.15
3371,VOO,allTimeHigh,699.15
3372,VOO,allTimeLow,98.24
3373,VOO,fiftyDayAverage,685.0132
3374,VOO,twoHundredDayAverage,644.04694
3375,VOO,trailingAnnualDividendRate,5.437
3376,VOO,trailingAnnualDividendYield,0.007974597
3377,VOO,navPrice,686.24
3378,VOO,currency,USD
3379,VOO,tradeable,False
3380,VOO,category,Large Blend
3381,VOO,ytdReturn,10.18984
3382,VOO,beta3Year,1.0
3383,VOO,fundFamily,Vanguard
3384,VOO,fundInceptionDate,1283817600
3385,VOO,legalType,Exchange Traded Fund
3386,VOO,threeYearAverageReturn,0.19295481
3387,VOO,fiveYearAverageReturn,0.1282174
3388,VOO,quoteType,ETF
3389,VOO,symbol,VOO
3390,VOO,language,en-US
3391,VOO,region,US
3392,VOO,typeDisp,ETF
3393,VOO,quoteSourceName,Nasdaq Real Time Price
3394,VOO,triggerable,True
3395,VOO,customPriceAlertConfidence,HIGH
3396,VOO,shortName,Vanguard S&P 500 ETF
3397,VOO,longName,Vanguard S&P 500 ETF
3398,VOO,regularMarketDayRange,678.065 - 688.35
3399,VOO,fullExchangeName,NYSEArca
3400,VOO,financialCurrency,USD
3401,VOO,averageDailyVolume3Month,7968929
3402,VOO,fiftyTwoWeekLowChange,111.57001
3403,VOO,fiftyTwoWeekLowChangePercent,0.1940078
3404,VOO,fiftyTwoWeekRange,575.08 - 699.15
3405,VOO,fiftyTwoWeekHighChange,-12.5
3406,VOO,fiftyTwoWeekHighChangePercent,-0.017878853
3407,VOO,fiftyTwoWeekChangePercent,18.359364
3408,VOO,dividendYield,1.07
3409,VOO,trailingThreeMonthReturns,15.19246
3410,VOO,trailingThreeMonthNavReturns,15.19246
3411,VOO,netAssets,1670882130000.0
3412,VOO,epsTrailingTwelveMonths,25.52186
3413,VOO,bookValue,390.854
3414,VOO,fiftyDayAverageChange,1.6368408
3415,VOO,fiftyDayAverageChangePercent,0.0023895027
3416,VOO,twoHundredDayAverageChange,42.60309
3417,VOO,twoHundredDayAverageChangePercent,0.06614904
3418,VOO,netExpenseRatio,0.03
3419,VOO,priceToBook,1.7567941
3420,VOO,sourceInterval,15
3421,VOO,exchangeDataDelayedBy,0
3422,VOO,cryptoTradeable,False
3423,VOO,hasPrePostMarketData,True
3424,VOO,firstTradeDateMilliseconds,1284039000000
3425,VOO,postMarketChangePercent,-0.2797937
3426,VOO,postMarketPrice,684.7288
3427,VOO,postMarketChange,-1.9212036
3428,VOO,regularMarketChange,4.86005
3429,VOO,exchange,PCX
3430,VOO,messageBoardId,finmb_28117396
3431,VOO,exchangeTimezoneName,America/New_York
3432,VOO,exchangeTimezoneShortName,EDT
3433,VOO,gmtOffSetMilliseconds,-14400000
3434,VOO,market,us_market
3435,VOO,esgPopulated,False
3436,VOO,marketState,CLOSED
3437,VOO,corporateActions,[]
3438,VOO,postMarketTime,1785542392
3439,VOO,regularMarketTime,1785528000
3440,VOO,regularMarketChangePercent,0.712836
3441,VOO,regularMarketPrice,686.65
3442,VOO,trailingPegRatio,
3443,IVV,phone,415-670-2000
3444,IVV,longBusinessSummary,"The index measures the performance of the large-capitalization sector of the U.S. equity market, as determined by SPDJI. The fund generally will invest at least 80% of its assets in the component securities of its index and in investments that have economic characteristics that are substantially identical to the component securities of its index and may invest up to 20% of its assets in certain futures, options and swap contracts, cash and cash equivalents."
3445,IVV,companyOfficers,[]
3446,IVV,executiveTeam,[]
3447,IVV,maxAge,86400
3448,IVV,priceHint,2
3449,IVV,previousClose,745.2
3450,IVV,open,748.16
3451,IVV,dayLow,741.18
3452,IVV,dayHigh,752.39
3453,IVV,regularMarketPreviousClose,745.2
3454,IVV,regularMarketOpen,748.16
3455,IVV,regularMarketDayLow,741.18
3456,IVV,regularMarketDayHigh,752.39
3457,IVV,trailingPE,26.863895
3458,IVV,volume,4893940
3459,IVV,regularMarketVolume,4893940
3460,IVV,averageVolume,7941753
3461,IVV,averageVolume10days,4516970
3462,IVV,averageDailyVolume10Day,4516970
3463,IVV,bid,747.46
3464,IVV,ask,750.04
3465,IVV,bidSize,360
3466,IVV,askSize,40
3467,IVV,yield,0.0109
3468,IVV,totalAssets,888128929792
3469,IVV,fiftyTwoWeekLow,628.59
3470,IVV,fiftyTwoWeekHigh,764.0
3471,IVV,allTimeHigh,764.0
3472,IVV,allTimeLow,67.22
3473,IVV,fiftyDayAverage,748.2396
3474,IVV,twoHundredDayAverage,703.5248
3475,IVV,trailingAnnualDividendRate,5.688
3476,IVV,trailingAnnualDividendYield,0.00763285
3477,IVV,navPrice,750.1186
3478,IVV,currency,USD
3479,IVV,tradeable,False
3480,IVV,category,Large Blend
3481,IVV,ytdReturn,10.18968
3482,IVV,beta3Year,1.0
3483,IVV,fundFamily,iShares
3484,IVV,fundInceptionDate,958348800
3485,IVV,legalType,Exchange Traded Fund
3486,IVV,threeYearAverageReturn,0.1929319
3487,IVV,fiveYearAverageReturn,0.128262
3488,IVV,quoteType,ETF
3489,IVV,symbol,IVV
3490,IVV,language,en-US
3491,IVV,region,US
3492,IVV,typeDisp,ETF
3493,IVV,quoteSourceName,Delayed Quote
3494,IVV,triggerable,True
3495,IVV,customPriceAlertConfidence,HIGH
3496,IVV,marketState,CLOSED
3497,IVV,sharesOutstanding,621550016
3498,IVV,bookValue,430.883
3499,IVV,fiftyDayAverageChange,2.0803833
3500,IVV,fiftyDayAverageChangePercent,0.0027803704
3501,IVV,twoHundredDayAverageChange,46.795227
3502,IVV,twoHundredDayAverageChangePercent,0.06651539
3503,IVV,netExpenseRatio,0.03
3504,IVV,priceToBook,1.7413545
3505,IVV,sourceInterval,15
3506,IVV,exchangeDataDelayedBy,0
3507,IVV,cryptoTradeable,False
3508,IVV,postMarketChangePercent,-0.37095174
3509,IVV,postMarketPrice,747.5367
3510,IVV,postMarketChange,-2.7833252
3511,IVV,regularMarketChange,5.12
3512,IVV,regularMarketDayRange,741.18 - 752.39
3513,IVV,fullExchangeName,NYSEArca
3514,IVV,financialCurrency,USD
3515,IVV,averageDailyVolume3Month,7941753
3516,IVV,fiftyTwoWeekLowChange,121.72998
3517,IVV,fiftyTwoWeekLowChangePercent,0.19365561
3518,IVV,fiftyTwoWeekRange,628.59 - 764.0
3519,IVV,fiftyTwoWeekHighChange,-13.679993
3520,IVV,fiftyTwoWeekHighChangePercent,-0.01790575
3521,IVV,fiftyTwoWeekChangePercent,18.315279
3522,IVV,dividendYield,1.09
3523,IVV,trailingThreeMonthReturns,15.19119
3524,IVV,trailingThreeMonthNavReturns,15.19119
3525,IVV,netAssets,888128930000.0
3526,IVV,epsTrailingTwelveMonths,27.930424
3527,IVV,hasPrePostMarketData,True
3528,IVV,firstTradeDateMilliseconds,958743000000
3529,IVV,corporateActions,[]
3530,IVV,postMarketTime,1785542373
3531,IVV,regularMarketTime,1785528000
3532,IVV,exchange,PCX
3533,IVV,messageBoardId,finmb_8797798
3534,IVV,exchangeTimezoneName,America/New_York
3535,IVV,exchangeTimezoneShortName,EDT
3536,IVV,gmtOffSetMilliseconds,-14400000
3537,IVV,market,us_market
3538,IVV,esgPopulated,False
3539,IVV,longName,iShares Core S&P 500 ETF
3540,IVV,shortName,iShares Core S&P 500 ETF
3541,IVV,regularMarketChangePercent,0.687063
3542,IVV,regularMarketPrice,750.32
3543,IVV,trailingPegRatio,
3544,QQQ,longBusinessSummary,"To maintain the correspondence between the composition and weights of the securities in the trust (the ""securities"") and the stocks in the NASDAQ-100 Index®, the adviser adjusts the securities from time to time to conform to periodic changes in the identity and/or relative weights of index securities. The composition and weighting of the securities portion of a portfolio deposit are also adjusted to conform to changes in the index."
3545,QQQ,companyOfficers,[]
3546,QQQ,executiveTeam,[]
3547,QQQ,maxAge,86400
3548,QQQ,priceHint,2
3549,QQQ,previousClose,683.55
3550,QQQ,open,692.12
3551,QQQ,dayLow,680.0512
3552,QQQ,dayHigh,695.77
3553,QQQ,regularMarketPreviousClose,683.55
3554,QQQ,regularMarketOpen,692.12
3555,QQQ,regularMarketDayLow,680.0512
3556,QQQ,regularMarketDayHigh,695.77
3557,QQQ,trailingPE,30.529755
3558,QQQ,volume,50028419
3559,QQQ,regularMarketVolume,50028419
3560,QQQ,averageVolume,44232712
3561,QQQ,averageVolume10days,44252450
3562,QQQ,averageDailyVolume10Day,44252450
3563,QQQ,bid,688.49
3564,QQQ,ask,689.2
3565,QQQ,bidSize,46
3566,QQQ,askSize,46
3567,QQQ,yield,0.0041
3568,QQQ,totalAssets,490103177216
3569,QQQ,fiftyTwoWeekLow,555.6
3570,QQQ,fiftyTwoWeekHigh,748.65
3571,QQQ,allTimeHigh,748.65
3572,QQQ,allTimeLow,19.76
3573,QQQ,fiftyDayAverage,715.088
3574,QQQ,twoHundredDayAverage,645.0365
3575,QQQ,trailingAnnualDividendRate,1.77
3576,QQQ,trailingAnnualDividendYield,0.002589423
3577,QQQ,navPrice,687.83
3578,QQQ,currency,USD
3579,QQQ,tradeable,False
3580,QQQ,category,Large Growth
3581,QQQ,ytdReturn,20.18788
3582,QQQ,beta3Year,1.24
3583,QQQ,fundFamily,Invesco
3584,QQQ,fundInceptionDate,921024000
3585,QQQ,legalType,Exchange Traded Fund
3586,QQQ,threeYearAverageReturn,0.2218983
3587,QQQ,fiveYearAverageReturn,0.1422415
3588,QQQ,quoteType,ETF
3589,QQQ,symbol,QQQ
3590,QQQ,language,en-US
3591,QQQ,region,US
3592,QQQ,typeDisp,ETF
3593,QQQ,quoteSourceName,Nasdaq Real Time Price
3594,QQQ,triggerable,True
3595,QQQ,customPriceAlertConfidence,HIGH
3596,QQQ,financialCurrency,USD
3597,QQQ,averageDailyVolume3Month,44232712
3598,QQQ,fiftyTwoWeekLowChange,132.39001
3599,QQQ,fiftyTwoWeekLowChangePercent,0.23828298
3600,QQQ,fiftyTwoWeekRange,555.6 - 748.65
3601,QQQ,fiftyTwoWeekHighChange,-60.660034
3602,QQQ,fiftyTwoWeekHighChangePercent,-0.08102589
3603,QQQ,fiftyTwoWeekChangePercent,21.962416
3604,QQQ,dividendYield,0.41
3605,QQQ,trailingThreeMonthReturns,27.67588
3606,QQQ,trailingThreeMonthNavReturns,27.67588
3607,QQQ,netAssets,490103177000.0
3608,QQQ,epsTrailingTwelveMonths,22.535065
3609,QQQ,sharesOutstanding,393100000
3610,QQQ,bookValue,357.774
3611,QQQ,fiftyDayAverageChange,-27.098022
3612,QQQ,fiftyDayAverageChangePercent,-0.037894666
3613,QQQ,twoHundredDayAverageChange,42.95349
3614,QQQ,twoHundredDayAverageChangePercent,0.06659079
3615,QQQ,netExpenseRatio,0.18
3616,QQQ,priceToBook,1.9229738
3617,QQQ,sourceInterval,15
3618,QQQ,exchangeDataDelayedBy,0
3619,QQQ,cryptoTradeable,False
3620,QQQ,hasPrePostMarketData,True
3621,QQQ,firstTradeDateMilliseconds,921076200000
3622,QQQ,postMarketChangePercent,-0.51163816
3623,QQQ,postMarketPrice,684.47
3624,QQQ,postMarketChange,-3.5200195
3625,QQQ,regularMarketChange,4.44
3626,QQQ,regularMarketDayRange,680.0512 - 695.77
3627,QQQ,fullExchangeName,NasdaqGM
3628,QQQ,marketState,CLOSED
3629,QQQ,regularMarketChangePercent,0.64955
3630,QQQ,regularMarketPrice,687.99
3631,QQQ,corporateActions,[]
3632,QQQ,postMarketTime,1785542399
3633,QQQ,regularMarketTime,1785528000
3634,QQQ,exchange,NGM
3635,QQQ,messageBoardId,finmb_8108558
3636,QQQ,exchangeTimezoneName,America/New_York
3637,QQQ,exchangeTimezoneShortName,EDT
3638,QQQ,gmtOffSetMilliseconds,-14400000
3639,QQQ,market,us_market
3640,QQQ,esgPopulated,False
3641,QQQ,shortName,"Invesco QQQ Trust, Series 1"
3642,QQQ,longName,Invesco QQQ Trust
3643,QQQ,trailingPegRatio,
